date,kurs,prev_date,prev_kurs,gap_days,delta,log_return,direction
2021-09-09,14272.0,,,,,,flat
2021-09-11,14233.0,2021-09-09,14272.0,2.0,-39.0,-0.0027363637491652814,down
2021-09-12,14351.0,2021-09-11,14233.0,1.0,118.0,0.008256414100306536,up
2021-09-13,14260.0,2021-09-12,14351.0,1.0,-91.0,-0.006361211202644869,down
2021-09-14,14257.0,2021-09-13,14260.0,1.0,-3.0,-0.00021040081432593843,flat
2021-09-15,14252.0,2021-09-14,14257.0,1.0,-5.0,-0.00035076642823427684,flat
2021-09-16,14238.0,2021-09-15,14252.0,1.0,-14.0,-0.0009828010619080888,down
2021-09-17,14233.0,2021-09-16,14238.0,1.0,-5.0,-0.00035123459319324926,flat
2021-09-20,14251.0,2021-09-17,14233.0,3.0,18.0,0.0012638676025869577,up
2021-09-21,14244.0,2021-09-20,14251.0,1.0,-7.0,-0.000491314275543871,flat
2021-09-22,14249.0,2021-09-21,14244.0,1.0,5.0,0.0003509633981204076,flat
2021-09-23,14256.0,2021-09-22,14249.0,1.0,7.0,0.0004911419148017321,flat
2021-09-24,14250.0,2021-09-23,14256.0,1.0,-6.0,-0.00042096401379397466,flat
2021-09-27,14258.0,2021-09-24,14250.0,3.0,8.0,0.0005612459807772427,up
2021-09-28,14269.0,2021-09-27,14258.0,1.0,11.0,0.0007711992530014285,up
2021-09-29,14307.0,2021-09-28,14269.0,1.0,38.0,0.002659576035758796,up
2021-09-30,14321.0,2021-09-29,14307.0,1.0,14.0,0.0009780635123685373,up
2021-10-09,14225.0,2021-09-30,14321.0,9.0,-96.0,-0.006726011484170916,down
2021-10-11,14253.0,2021-10-09,14225.0,2.0,28.0,0.001966430860499447,up
2021-10-12,14378.0,2021-10-11,14253.0,1.0,125.0,0.008731849688785783,up
2021-10-13,14221.0,2021-10-12,14378.0,1.0,-157.0,-0.010979515171120526,down
2021-10-14,14155.0,2021-10-13,14221.0,1.0,-66.0,-0.004651826826696295,down
2021-10-15,14084.0,2021-10-14,14155.0,1.0,-71.0,-0.005028517271056866,down
2021-10-18,14096.0,2021-10-15,14084.0,3.0,12.0,0.0008516679010175157,up
2021-10-19,14080.0,2021-10-18,14096.0,1.0,-16.0,-0.0011357184639273798,down
2021-10-21,14133.0,2021-10-19,14080.0,2.0,53.0,0.0037571376561173144,up
2021-10-22,14162.0,2021-10-21,14133.0,1.0,29.0,0.002049832843568452,up
2021-10-25,14183.0,2021-10-22,14162.0,3.0,21.0,0.0014817430828883615,up
2021-10-26,14165.0,2021-10-25,14183.0,1.0,-18.0,-0.0012699310299906367,down
2021-10-27,14184.0,2021-10-26,14165.0,1.0,19.0,0.001340435489426813,up
2021-10-28,14199.0,2021-10-27,14184.0,1.0,15.0,0.0010569708203138105,up
2021-10-29,14171.0,2021-10-28,14199.0,1.0,-28.0,-0.0019739167494872414,down
2021-11-10,14210.0,2021-10-29,14171.0,12.0,39.0,0.0027483192662757783,up
2021-11-11,14288.0,2021-11-10,14210.0,1.0,78.0,0.005474082025133884,up
2021-11-15,14206.0,2021-11-11,14288.0,4.0,-82.0,-0.005755613558525023,down
2021-11-16,14211.0,2021-11-15,14206.0,1.0,5.0,0.0003519020341062895,flat
2021-11-17,14259.0,2021-11-16,14211.0,1.0,48.0,0.003371973690257621,up
2021-11-18,14231.0,2021-11-17,14259.0,1.0,-28.0,-0.0019656025984591784,down
2021-11-19,14237.0,2021-11-18,14231.0,1.0,6.0,0.00042152593008595315,flat
2021-11-22,14255.0,2021-11-19,14237.0,3.0,18.0,0.0012635127330265854,up
2021-11-23,14272.0,2021-11-22,14255.0,1.0,17.0,0.0011918534730182282,up
2021-11-24,14272.0,2021-11-23,14272.0,1.0,0.0,0.0,flat
2021-11-25,14280.0,2021-11-24,14272.0,1.0,8.0,0.0005603810737846829,up
2021-11-26,14280.0,2021-11-25,14280.0,1.0,0.0,0.0,flat
2021-11-29,14340.0,2021-11-26,14280.0,3.0,60.0,0.004192878260035958,up
2021-11-30,14320.0,2021-11-29,14340.0,1.0,-20.0,-0.0013956736389746914,down
2021-12-10,14217.0,2021-11-30,14320.0,10.0,-103.0,-0.007218729878938594,down
2021-12-11,14243.0,2021-12-10,14217.0,1.0,26.0,0.0018271262988881556,up
2021-12-13,14346.0,2021-12-11,14243.0,2.0,103.0,0.007205599751793613,up
2021-12-14,14348.0,2021-12-13,14346.0,1.0,2.0,0.00013940196579338425,flat
2021-12-15,14337.0,2021-12-14,14348.0,1.0,-11.0,-0.0007669514059053393,down
2021-12-16,14343.0,2021-12-15,14337.0,1.0,6.0,0.00041841004794508266,flat
2021-12-17,14343.0,2021-12-16,14343.0,1.0,0.0,0.0,flat
2021-12-20,14384.0,2021-12-17,14343.0,3.0,41.0,0.002854459417188542,up
2021-12-21,14349.0,2021-12-20,14384.0,1.0,-35.0,-0.0024362243629949586,down
2021-12-22,14264.0,2021-12-21,14349.0,1.0,-85.0,-0.005941372805430285,down
2021-12-23,14251.0,2021-12-22,14264.0,1.0,-13.0,-0.000911800869764144,down
2021-12-24,14219.0,2021-12-23,14251.0,1.0,-32.0,-0.002247981276837709,down
2021-12-27,14225.0,2021-12-24,14219.0,3.0,6.0,0.0004218815981571963,flat
2021-12-28,14237.0,2021-12-27,14225.0,1.0,12.0,0.0008432296192141345,up
2021-12-29,14265.0,2021-12-28,14237.0,1.0,28.0,0.0019647750338544732,up
2021-12-30,14269.0,2021-12-29,14265.0,1.0,4.0,0.0002803672829747273,flat
2021-12-31,14278.0,2021-12-30,14269.0,1.0,9.0,0.0006305391318306174,up
2022-01-03,14350.0,2021-12-31,14278.0,3.0,72.0,0.005030051125361217,up
2022-01-04,14364.0,2022-01-03,14350.0,1.0,14.0,0.0009751341582062914,up
2022-01-07,14956.0,2022-01-04,14364.0,3.0,592.0,0.04038748075103088,up
2022-01-08,14874.0,2022-01-07,14956.0,1.0,-82.0,-0.005497834833758797,down
2022-01-09,14884.0,2022-01-08,14874.0,1.0,10.0,0.0006720882032675814,up
2022-01-11,15647.0,2022-01-09,14884.0,2.0,763.0,0.04999239483554413,up
2022-01-12,15617.0,2022-01-11,15647.0,1.0,-30.0,-0.001919140814211483,down
2022-01-13,14311.0,2022-01-12,15617.0,1.0,-1306.0,-0.08733159217697001,down
2022-01-14,14310.0,2022-01-13,14311.0,1.0,-1.0,-6.987876037923628e-05,flat
2022-01-17,14323.0,2022-01-14,14310.0,3.0,13.0,0.0009080432293686028,up
2022-01-18,14325.0,2022-01-17,14323.0,1.0,2.0,0.00013962580307519163,flat
2022-01-19,14370.0,2022-01-18,14325.0,1.0,45.0,0.0031364374901303115,up
2022-01-20,14354.0,2022-01-19,14370.0,1.0,-16.0,-0.0011140510830533626,down
2022-01-21,14347.0,2022-01-20,14354.0,1.0,-7.0,-0.00048778789162727825,flat
2022-01-24,14327.0,2022-01-21,14347.0,3.0,-20.0,-0.001394992205017639,down
2022-01-25,14358.0,2022-01-24,14327.0,1.0,31.0,0.002161409243056033,up
2022-01-26,14346.0,2022-01-25,14358.0,1.0,-12.0,-0.0008361204500485702,down
2022-01-27,14385.0,2022-01-26,14346.0,1.0,39.0,0.0027148392992685675,up
2022-01-28,14381.0,2022-01-27,14385.0,1.0,-4.0,-0.0002781060992686058,flat
2022-01-31,14392.0,2022-01-28,14381.0,3.0,11.0,0.0007646057439893359,up
2022-02-02,14347.0,2022-01-31,14392.0,2.0,-45.0,-0.003131635531979051,down
2022-02-03,14373.0,2022-02-02,14347.0,1.0,26.0,0.0018105854528418118,up
2022-02-06,14526.0,2022-02-03,14373.0,3.0,153.0,0.01058870061488167,up
2022-02-08,14888.0,2022-02-06,14526.0,2.0,362.0,0.024615372155973304,up
2022-02-09,14900.0,2022-02-08,14888.0,1.0,12.0,0.0008056936114637311,up
2022-02-11,15652.0,2022-02-09,14900.0,2.0,752.0,0.049237491396752514,up
2022-02-12,15429.0,2022-02-11,15652.0,1.0,-223.0,-0.014349848887277144,down
2022-02-14,14338.0,2022-02-12,15429.0,2.0,-1091.0,-0.07333550003020832,down
2022-02-15,14292.0,2022-02-14,14338.0,1.0,-46.0,-0.003213415269517138,down
2022-02-16,14278.0,2022-02-15,14292.0,1.0,-14.0,-0.0009800490808945848,down
2022-02-17,14301.0,2022-02-16,14278.0,1.0,23.0,0.0016095738105295525,up
2022-02-18,14339.0,2022-02-17,14301.0,1.0,38.0,0.0026536328421039065,up
2022-02-21,14329.0,2022-02-18,14339.0,3.0,-10.0,-0.0006976419984363185,down
2022-02-22,14362.0,2022-02-21,14329.0,1.0,33.0,0.0023003739536599068,up
2022-02-23,14355.0,2022-02-22,14362.0,1.0,-7.0,-0.0004875161150985037,flat
2022-02-24,14371.0,2022-02-23,14355.0,1.0,16.0,0.0011139735190824403,up
2022-02-25,14369.0,2022-02-24,14371.0,1.0,-2.0,-0.0001391788450402746,flat
2022-03-01,14270.0,2022-02-25,14369.0,4.0,-99.0,-0.006913676758324576,down
2022-03-02,14381.0,2022-03-01,14270.0,1.0,111.0,0.007748459415497439,up
2022-03-06,14431.0,2022-03-02,14381.0,4.0,50.0,0.0034707795496981687,up
2022-03-08,14917.0,2022-03-06,14431.0,2.0,486.0,0.03312283171785279,up
2022-03-10,15293.0,2022-03-08,14917.0,2.0,376.0,0.024893705194192896,up
2022-03-11,15681.0,2022-03-10,15293.0,1.0,388.0,0.025054581032908283,up
2022-03-14,14328.0,2022-03-11,15681.0,3.0,-1353.0,-0.09023412364048387,down
2022-03-15,14321.0,2022-03-14,14328.0,1.0,-7.0,-0.0004886732618451946,flat
2022-03-16,14311.0,2022-03-15,14321.0,1.0,-10.0,-0.0006985191678267719,down
2022-03-17,14290.0,2022-03-16,14311.0,1.0,-21.0,-0.0014684803869627128,down
2022-03-18,14340.0,2022-03-17,14290.0,1.0,50.0,0.003492843229698169,up
2022-03-21,14341.0,2022-03-18,14340.0,3.0,1.0,6.973257560103864e-05,flat
2022-03-22,14358.0,2022-03-21,14341.0,1.0,17.0,0.0011847104072160262,up
2022-03-23,14351.0,2022-03-22,14358.0,1.0,-7.0,-0.00048765196549652493,flat
2022-03-24,14361.0,2022-03-23,14351.0,1.0,10.0,0.0006965728896869613,up
2022-03-25,14341.0,2022-03-24,14361.0,1.0,-20.0,-0.0013936313314064253,down
2022-03-28,14360.0,2022-03-25,14341.0,3.0,19.0,0.001323995873002916,up
2022-03-29,14364.0,2022-03-28,14360.0,1.0,4.0,0.0002785127437582336,flat
2022-03-30,14349.0,2022-03-29,14364.0,1.0,-15.0,-0.001044822997566889,down
2022-03-31,14357.0,2022-03-30,14349.0,1.0,8.0,0.0005573747792873658,up
2022-04-01,14310.0,2022-03-31,14357.0,1.0,-47.0,-0.003279034577197366,down
2022-04-02,14376.0,2022-04-01,14310.0,1.0,66.0,0.0046015559128983015,up
2022-04-03,14383.0,2022-04-02,14376.0,1.0,7.0,0.00048680414049435836,flat
2022-04-04,14362.0,2022-04-03,14383.0,1.0,-21.0,-0.001461123933626418,down
2022-04-07,14960.0,2022-04-04,14362.0,3.0,598.0,0.04079414285820534,up
2022-04-08,14929.0,2022-04-07,14960.0,1.0,-31.0,-0.002074342474878097,down
2022-04-10,15276.0,2022-04-08,14929.0,2.0,347.0,0.022977339291816647,up
2022-04-11,15736.0,2022-04-10,15276.0,1.0,460.0,0.02966811172348819,up
2022-04-13,14359.0,2022-04-11,15736.0,2.0,-1377.0,-0.09157415777451809,down
2022-04-14,14349.0,2022-04-13,14359.0,1.0,-10.0,-0.0006966699459703354,down
2022-04-18,14356.0,2022-04-14,14349.0,4.0,7.0,0.00048771991909119216,flat
2022-04-19,14347.0,2022-04-18,14356.0,1.0,-9.0,-0.0006271121691079346,down
2022-04-20,14351.0,2022-04-19,14347.0,1.0,4.0,0.0002787650725418837,flat
2022-04-21,14348.0,2022-04-20,14351.0,1.0,-3.0,-0.00020906651875860516,flat
2022-04-22,14361.0,2022-04-21,14348.0,1.0,13.0,0.000905639408445425,up
2022-04-25,14452.0,2022-04-22,14361.0,3.0,91.0,0.006316614206912081,up
2022-04-26,14412.0,2022-04-25,14452.0,1.0,-40.0,-0.002771620399547022,down
2022-04-27,14418.0,2022-04-26,14412.0,1.0,6.0,0.000416233096540073,flat
2022-04-28,14480.0,2022-04-27,14418.0,1.0,62.0,0.004290960975183358,up
2022-05-01,14365.0,2022-04-28,14480.0,3.0,-115.0,-0.00797369452631739,down
2022-05-04,14348.0,2022-05-01,14365.0,3.0,-17.0,-0.0011841327612166937,down
2022-05-07,14990.0,2022-05-04,14348.0,3.0,642.0,0.043772752444470236,up
2022-05-08,14904.0,2022-05-07,14990.0,1.0,-86.0,-0.005753678815219051,down
2022-05-09,14920.0,2022-05-08,14904.0,1.0,16.0,0.0010729614763274643,up
2022-05-10,15196.0,2022-05-09,14920.0,1.0,276.0,0.018329640549764423,up
2022-05-12,15409.0,2022-05-10,15196.0,2.0,213.0,0.013919518974337243,up
2022-05-13,14619.0,2022-05-12,15409.0,1.0,-790.0,-0.05262970177023751,down
2022-05-17,14651.0,2022-05-13,14619.0,4.0,32.0,0.0021865399896972117,up
2022-05-18,14682.0,2022-05-17,14651.0,1.0,31.0,0.002113661169413539,up
2022-05-19,14731.0,2022-05-18,14682.0,1.0,49.0,0.003331863144211685,up
2022-05-20,14661.0,2022-05-19,14731.0,1.0,-70.0,-0.004763209876673801,down
2022-05-23,14665.0,2022-05-20,14661.0,3.0,4.0,0.00027279547328679896,flat
2022-05-24,14653.0,2022-05-23,14665.0,1.0,-12.0,-0.0008186097735263212,down
2022-05-25,14645.0,2022-05-24,14653.0,1.0,-8.0,-0.0005461123761912745,down
2022-05-27,14578.0,2022-05-25,14645.0,2.0,-67.0,-0.004585437319675569,down
2022-05-30,14544.0,2022-05-27,14578.0,3.0,-34.0,-0.0023350055248981994,down
2022-05-31,14592.0,2022-05-30,14544.0,1.0,48.0,0.0032948958968524846,up
2022-06-01,14396.0,2022-05-31,14592.0,1.0,-196.0,-0.013523043115191358,down
2022-06-04,14364.0,2022-06-01,14396.0,3.0,-32.0,-0.0022253138529478287,down
2022-06-06,14462.0,2022-06-04,14364.0,2.0,98.0,0.006799443388923675,up
2022-06-07,15015.0,2022-06-06,14462.0,1.0,553.0,0.03752518168253342,up
2022-06-09,14885.0,2022-06-07,15015.0,2.0,-130.0,-0.008695706967553932,down
2022-06-10,15197.0,2022-06-09,14885.0,1.0,312.0,0.02074404548372848,up
2022-06-12,15576.0,2022-06-10,15197.0,2.0,379.0,0.024633228118430564,up
2022-06-13,14672.0,2022-06-12,15576.0,1.0,-904.0,-0.05979035255578948,down
2022-06-14,14729.0,2022-06-13,14672.0,1.0,57.0,0.0038774239932969417,up
2022-06-15,14746.0,2022-06-14,14729.0,1.0,17.0,0.0011535200600528844,up
2022-06-16,14741.0,2022-06-15,14746.0,1.0,-5.0,-0.00033913250231766074,flat
2022-06-17,14828.0,2022-06-16,14741.0,1.0,87.0,0.005884558223344655,up
2022-06-20,14836.0,2022-06-17,14828.0,3.0,8.0,0.0005393743388585531,up
2022-06-21,14804.0,2022-06-20,14836.0,1.0,-32.0,-0.0021592451034348637,down
2022-06-22,14860.0,2022-06-21,14804.0,1.0,56.0,0.0037756247657036736,up
2022-06-23,14835.0,2022-06-22,14860.0,1.0,-25.0,-0.0016837855468279784,down
2022-06-24,14846.0,2022-06-23,14835.0,1.0,11.0,0.0007412149525701585,up
2022-06-27,14802.0,2022-06-24,14846.0,3.0,-44.0,-0.002968161920080536,down
2022-06-28,14837.0,2022-06-27,14802.0,1.0,35.0,0.0023617541933818207,up
2022-06-29,14848.0,2022-06-28,14837.0,1.0,11.0,0.0007411150751880907,up
2022-06-30,14882.0,2022-06-29,14848.0,1.0,34.0,0.0022872529312248074,up
2022-07-01,14360.0,2022-06-30,14882.0,1.0,-522.0,-0.03570586535499133,down
2022-07-02,14404.0,2022-07-01,14360.0,1.0,44.0,0.0030593821665505887,up
2022-07-03,14411.0,2022-07-02,14404.0,1.0,7.0,0.00048585806959580913,flat
2022-07-04,14359.0,2022-07-03,14411.0,1.0,-52.0,-0.0036148805439847106,down
2022-07-06,14464.0,2022-07-04,14359.0,2.0,105.0,0.007285880337580867,up
2022-07-07,14986.0,2022-07-06,14464.0,1.0,522.0,0.03545362829229829,up
2022-07-09,14927.0,2022-07-07,14986.0,2.0,-59.0,-0.003944778291016341,down
2022-07-10,15246.0,2022-07-09,14927.0,1.0,319.0,0.02114551991497947,up
2022-07-11,15692.0,2022-07-10,15246.0,1.0,446.0,0.028833854781224112,up
2022-07-12,15619.0,2022-07-11,15692.0,1.0,-73.0,-0.004662906471720703,down
2022-07-13,14985.0,2022-07-12,15619.0,1.0,-634.0,-0.04143842110695887,down
2022-07-14,14999.0,2022-07-13,14985.0,1.0,14.0,0.0009338314445958976,up
2022-07-15,14999.0,2022-07-14,14999.0,1.0,0.0,0.0,flat
2022-07-18,14986.0,2022-07-15,14999.0,3.0,-13.0,-0.0008671002711034801,down
2022-07-19,14992.0,2022-07-18,14986.0,1.0,6.0,0.0004002935539473127,flat
2022-07-20,14984.0,2022-07-19,14992.0,1.0,-8.0,-0.0005337603542789638,down
2022-07-21,15017.0,2022-07-20,14984.0,1.0,33.0,0.002199927556356212,up
2022-07-22,15024.0,2022-07-21,15017.0,1.0,7.0,0.00046602976776335167,flat
2022-07-25,14992.0,2022-07-22,15024.0,3.0,-32.0,-0.002132196969840711,down
2022-07-26,14984.0,2022-07-25,14992.0,1.0,-8.0,-0.0005337603542789638,down
2022-07-27,15020.0,2022-07-26,14984.0,1.0,36.0,0.0023996811942012222,up
2022-07-28,14958.0,2022-07-27,15020.0,1.0,-62.0,-0.0041363725665128515,down
2022-07-29,14860.0,2022-07-28,14958.0,1.0,-98.0,-0.0065732344798627275,down
2022-08-02,14385.0,2022-07-29,14860.0,4.0,-475.0,-0.03248704228610188,down
2022-08-03,14394.0,2022-08-02,14385.0,1.0,9.0,0.0006254560821013536,up
2022-08-04,14365.0,2022-08-03,14394.0,1.0,-29.0,-0.0020167606543596457,down
2022-08-06,14477.0,2022-08-04,14365.0,2.0,112.0,0.007766490740653535,up
2022-08-07,14981.0,2022-08-06,14477.0,1.0,504.0,0.03422154836333842,up
2022-08-08,14915.0,2022-08-07,14981.0,1.0,-66.0,-0.0044153135685330485,down
2022-08-09,14905.0,2022-08-08,14915.0,1.0,-10.0,-0.0006706908366770322,down
2022-08-11,15684.0,2022-08-09,14905.0,2.0,779.0,0.05094435730005036,up
2022-08-12,15624.0,2022-08-11,15684.0,1.0,-60.0,-0.0038328908557074405,down
2022-08-15,14727.0,2022-08-12,15624.0,3.0,-897.0,-0.05912564983035268,down
2022-08-16,14767.0,2022-08-15,14727.0,1.0,40.0,0.0027124177476118574,up
2022-08-18,14822.0,2022-08-16,14767.0,2.0,55.0,0.003717602037530229,up
2022-08-19,14858.0,2022-08-18,14822.0,1.0,36.0,0.002425877200447256,up
2022-08-22,14882.0,2022-08-19,14858.0,3.0,24.0,0.0016139882454550886,up
2022-08-23,14893.0,2022-08-22,14882.0,1.0,11.0,0.0007388749286610539,up
2022-08-24,14851.0,2022-08-23,14893.0,1.0,-42.0,-0.002824100854922393,down
2022-08-25,14827.0,2022-08-24,14851.0,1.0,-24.0,-0.0016173600129190727,down
2022-08-26,14814.0,2022-08-25,14827.0,1.0,-13.0,-0.0008771634447916219,down
2022-08-29,14887.0,2022-08-26,14814.0,3.0,73.0,0.004915669303822712,up
2022-08-30,14875.0,2022-08-29,14887.0,1.0,-12.0,-0.0008063974632267061,down
2022-08-31,14853.0,2022-08-30,14875.0,1.0,-22.0,-0.0014800863842977774,down
2022-09-02,14366.0,2022-08-31,14853.0,2.0,-487.0,-0.03333756139478584,down
2022-09-03,14371.0,2022-09-02,14366.0,1.0,5.0,0.00034798343950005913,flat
2022-09-05,14534.0,2022-09-03,14371.0,2.0,163.0,0.011278445102334349,up
2022-09-06,14555.0,2022-09-05,14534.0,1.0,21.0,0.0014438450031424512,up
2022-09-08,14862.0,2022-09-06,14555.0,2.0,307.0,0.02087304253769101,up
2022-09-09,14846.0,2022-09-08,14862.0,1.0,-16.0,-0.0010771510399223134,down
2022-09-11,15654.0,2022-09-09,14846.0,2.0,808.0,0.05299600668729111,up
2022-09-12,15587.0,2022-09-11,15654.0,1.0,-67.0,-0.004289241875732465,down
2022-09-13,14861.0,2022-09-12,15587.0,1.0,-726.0,-0.047696901730481585,down
2022-09-14,14923.0,2022-09-13,14861.0,1.0,62.0,0.004163315172898528,up
2022-09-15,14899.0,2022-09-14,14923.0,1.0,-24.0,-0.001609550344128802,down
2022-09-16,14939.0,2022-09-15,14899.0,1.0,40.0,0.002681146454978199,up
2022-09-19,14980.0,2022-09-16,14939.0,3.0,41.0,0.0027407350288932344,up
2022-09-20,14975.0,2022-09-19,14980.0,1.0,-5.0,-0.0003338340875603778,flat
2022-09-21,15011.0,2022-09-20,14975.0,1.0,36.0,0.002401121676526057,up
2022-09-22,15033.0,2022-09-21,15011.0,1.0,22.0,0.001464518967658246,up
2022-09-23,15035.0,2022-09-22,15033.0,1.0,2.0,0.00013303179479500174,flat
2022-09-26,15119.0,2022-09-23,15035.0,3.0,84.0,0.0055714145575717485,up
2022-09-27,15155.0,2022-09-26,15119.0,1.0,36.0,0.002378279511702452,up
2022-09-28,15243.0,2022-09-27,15155.0,1.0,88.0,0.005789870769938104,up
2022-09-29,15247.0,2022-09-28,15243.0,1.0,4.0,0.0002623811100655158,flat
2022-09-30,15232.0,2022-09-29,15247.0,1.0,-15.0,-0.0009842843407604602,down
2022-10-01,14323.0,2022-09-30,15232.0,1.0,-909.0,-0.06153184125128142,down
2022-10-02,14344.0,2022-10-01,14323.0,1.0,21.0,0.0014650995051036745,up
2022-10-03,14298.0,2022-10-02,14344.0,1.0,-46.0,-0.003212068958171664,down
2022-10-05,14546.0,2022-10-03,14298.0,2.0,248.0,0.01719637438768898,up
2022-10-06,14569.0,2022-10-05,14546.0,1.0,23.0,0.0015799419395097695,up
2022-10-08,14875.0,2022-10-06,14569.0,2.0,306.0,0.020785967759834656,up
2022-10-10,15299.0,2022-10-08,14875.0,2.0,424.0,0.02810551535354842,up
2022-10-11,15701.0,2022-10-10,15299.0,1.0,402.0,0.02593693780814261,up
2022-10-13,15357.0,2022-10-11,15701.0,2.0,-344.0,-0.022153008449828634,down
2022-10-14,15390.0,2022-10-13,15357.0,1.0,33.0,0.0021465517072319913,up
2022-10-17,15480.0,2022-10-14,15390.0,3.0,90.0,0.005830920310793144,up
2022-10-18,15469.0,2022-10-17,15480.0,1.0,-11.0,-0.0007108469070531696,down
2022-10-19,15491.0,2022-10-18,15469.0,1.0,22.0,0.0014211888696981252,up
2022-10-20,15579.0,2022-10-19,15491.0,1.0,88.0,0.005664643406065603,up
2022-10-21,15610.0,2022-10-20,15579.0,1.0,31.0,0.001987880997049153,up
2022-10-24,15590.0,2022-10-21,15610.0,3.0,-20.0,-0.0012820514576555005,down
2022-10-25,15616.0,2022-10-24,15590.0,1.0,26.0,0.0016663466010515375,up
2022-10-26,15596.0,2022-10-25,15616.0,1.0,-20.0,-0.0012815585503857345,down
2022-10-27,15573.0,2022-10-26,15596.0,1.0,-23.0,-0.0014758256071492263,down
2022-10-28,15542.0,2022-10-27,15573.0,1.0,-31.0,-0.00199260872615123,down
2022-10-31,15596.0,2022-10-28,15542.0,3.0,54.0,0.0034684343333003507,up
2022-11-01,14299.0,2022-10-31,15596.0,1.0,-1297.0,-0.08682486636964065,down
2022-11-02,14359.0,2022-11-01,14299.0,1.0,60.0,0.0041873185615295995,up
2022-11-03,14306.0,2022-11-02,14359.0,1.0,-53.0,-0.0036978936260477564,down
2022-11-04,14370.0,2022-11-03,14306.0,1.0,64.0,0.004463670404741403,up
2022-11-05,14546.0,2022-11-04,14370.0,1.0,176.0,0.012173341641415446,up
2022-11-07,14969.0,2022-11-05,14546.0,2.0,423.0,0.028665354200749654,up
2022-11-08,14799.0,2022-11-07,14969.0,1.0,-170.0,-0.011421785013387812,down
2022-11-10,15362.0,2022-11-08,14799.0,2.0,563.0,0.03733731665677925,up
2022-11-11,15493.0,2022-11-10,15362.0,1.0,131.0,0.008491381437664614,up
2022-11-14,15499.0,2022-11-11,15493.0,3.0,6.0,0.00038719670075901345,flat
2022-11-15,15564.0,2022-11-14,15499.0,1.0,65.0,0.004185049407393495,up
2022-11-16,15610.0,2022-11-15,15564.0,1.0,46.0,0.00295117940503354,up
2022-11-17,15687.0,2022-11-16,15610.0,1.0,77.0,0.004920609346762503,up
2022-11-18,15692.0,2022-11-17,15687.0,1.0,5.0,0.0003186844732029365,flat
2022-11-21,15707.0,2022-11-18,15692.0,3.0,15.0,0.0009554445135892178,up
2022-11-22,15716.0,2022-11-21,15707.0,1.0,9.0,0.0005728288353180006,up
2022-11-23,15700.0,2022-11-22,15716.0,1.0,-16.0,-0.001018589341950954,down
2022-11-24,15647.0,2022-11-23,15700.0,1.0,-53.0,-0.0033815070343421643,down
2022-11-25,15668.0,2022-11-24,15647.0,1.0,21.0,0.0013412104836647766,up
2022-11-28,15729.0,2022-11-25,15668.0,3.0,61.0,0.0038857264549205586,up
2022-11-29,15737.0,2022-11-28,15729.0,1.0,8.0,0.0005084853602218589,up
2022-11-30,15742.0,2022-11-29,15737.0,1.0,5.0,0.0003176721015309732,flat
2022-12-01,14302.0,2022-11-30,15742.0,1.0,-1440.0,-0.09593291209405419,down
2022-12-04,14364.0,2022-12-01,14302.0,3.0,62.0,0.0043256887376322654,up
2022-12-05,14585.0,2022-12-04,14364.0,1.0,221.0,0.015268526955848266,up
2022-12-07,14993.0,2022-12-05,14585.0,2.0,408.0,0.027589822193081273,up
2022-12-08,14688.0,2022-12-07,14993.0,1.0,-305.0,-0.02055259163463146,down
2022-12-09,14839.0,2022-12-08,14688.0,1.0,151.0,0.01022801614585465,up
2022-12-10,15373.0,2022-12-09,14839.0,1.0,534.0,0.035353873906472905,up
2022-12-12,15642.0,2022-12-10,15373.0,2.0,269.0,0.017346880248957242,up
2022-12-13,15661.0,2022-12-12,15642.0,1.0,19.0,0.0012139413048771741,up
2022-12-14,15619.0,2022-12-13,15661.0,1.0,-42.0,-0.0026854236087114724,down
2022-12-15,15630.0,2022-12-14,15619.0,1.0,11.0,0.0007040225577999468,up
2022-12-16,15617.0,2022-12-15,15630.0,1.0,-13.0,-0.0008320799276764763,down
2022-12-19,15621.0,2022-12-16,15617.0,3.0,4.0,0.0002560983431628432,flat
2022-12-20,15608.0,2022-12-19,15621.0,1.0,-13.0,-0.0008325595280616239,down
2022-12-21,15601.0,2022-12-20,15608.0,1.0,-7.0,-0.00044858855569773786,flat
2022-12-22,15594.0,2022-12-21,15601.0,1.0,-7.0,-0.0004487898777041291,flat
2022-12-23,15605.0,2022-12-22,15594.0,1.0,11.0,0.0007051508353346337,up
2022-12-26,15636.0,2022-12-23,15605.0,3.0,31.0,0.0019845722079655736,up
2022-12-27,15659.0,2022-12-26,15636.0,1.0,23.0,0.0014698836325975346,up
2022-12-28,15703.0,2022-12-27,15659.0,1.0,44.0,0.00280594533951088,up
2022-12-29,15731.0,2022-12-28,15703.0,1.0,28.0,0.001781510937551034,up
2022-12-30,15592.0,2022-12-29,15731.0,1.0,-139.0,-0.008875325635108088,down
2023-01-02,14991.0,2022-12-30,15592.0,3.0,-601.0,-0.039307941175082066,down
2023-01-03,15250.0,2023-01-02,14991.0,1.0,259.0,0.017129482023242954,up
2023-01-08,15117.0,2023-01-03,15250.0,5.0,-133.0,-0.008759564686849951,down
2023-01-09,15252.0,2023-01-08,15117.0,1.0,135.0,0.008890703628746614,up
2023-01-11,15946.0,2023-01-09,15252.0,2.0,694.0,0.04449737208498632,up
2023-01-12,15524.0,2023-01-11,15946.0,1.0,-422.0,-0.026820800573643857,down
2023-01-13,15177.0,2023-01-12,15524.0,1.0,-347.0,-0.02260608952875113,down
2023-01-16,15019.0,2023-01-13,15177.0,3.0,-158.0,-0.01046505775446505,down
2023-01-17,15154.0,2023-01-16,15019.0,1.0,135.0,0.008948457285737847,up
2023-01-18,15137.0,2023-01-17,15154.0,1.0,-17.0,-0.0011224457287534587,down
2023-01-19,15113.0,2023-01-18,15137.0,1.0,-24.0,-0.001586777192444549,down
2023-01-20,15121.0,2023-01-19,15113.0,1.0,8.0,0.0005292055425484838,up
2023-01-24,14930.0,2023-01-20,15121.0,4.0,-191.0,-0.012711894579433062,down
2023-01-25,14958.0,2023-01-24,14930.0,1.0,28.0,0.0018736622183767493,up
2023-01-26,14964.0,2023-01-25,14958.0,1.0,6.0,0.00040104271642398177,flat
2023-01-27,14978.0,2023-01-26,14964.0,1.0,14.0,0.000935141341275545,up
2023-01-30,14979.0,2023-01-27,14978.0,3.0,1.0,6.676235940662677e-05,flat
2023-01-31,14992.0,2023-01-30,14979.0,1.0,13.0,0.0008675053094844402,up
2023-02-01,15572.0,2023-01-31,14992.0,1.0,580.0,0.03795770425214286,up
2023-02-02,14868.0,2023-02-01,15572.0,1.0,-704.0,-0.04626317731320363,down
2023-02-03,15273.0,2023-02-02,14868.0,1.0,405.0,0.026875311153302838,up
2023-02-05,14703.0,2023-02-03,15273.0,2.0,-570.0,-0.03803500899278855,down
2023-02-08,15171.0,2023-02-05,14703.0,3.0,468.0,0.031334156170435445,up
2023-02-10,15519.0,2023-02-08,15171.0,2.0,348.0,0.02267936892353202,up
2023-02-11,15861.0,2023-02-10,15519.0,1.0,342.0,0.02179818623193512,up
2023-02-13,15216.0,2023-02-11,15861.0,2.0,-645.0,-0.04151576011838837,down
2023-02-14,15168.0,2023-02-13,15216.0,1.0,-48.0,-0.0031595602903684815,down
2023-02-15,15194.0,2023-02-14,15168.0,1.0,26.0,0.0017126675683637787,up
2023-02-16,15176.0,2023-02-15,15194.0,1.0,-18.0,-0.0011853804483167379,down
2023-02-17,15199.0,2023-02-16,15176.0,1.0,23.0,0.0015144035816110335,up
2023-02-20,15168.0,2023-02-17,15199.0,3.0,-31.0,-0.0020416907016581644,down
2023-02-21,15179.0,2023-02-20,15168.0,1.0,11.0,0.000724948132056088,up
2023-02-22,15218.0,2023-02-21,15179.0,1.0,39.0,0.0025660441096089404,up
2023-02-23,15187.0,2023-02-22,15218.0,1.0,-31.0,-0.002039139006198052,down
2023-02-24,15216.0,2023-02-23,15187.0,1.0,29.0,0.0019077070549016186,up
2023-02-27,15274.0,2023-02-24,15216.0,3.0,58.0,0.003804530663157977,up
2023-02-28,15240.0,2023-02-27,15274.0,1.0,-34.0,-0.0022284862076921903,down
2023-03-01,15590.0,2023-02-28,15240.0,1.0,350.0,0.02270613281118504,up
2023-03-02,14898.0,2023-03-01,15590.0,1.0,-692.0,-0.04540270731560059,down
2023-03-03,15306.0,2023-03-02,14898.0,1.0,408.0,0.02701793263364468,up
2023-03-04,14990.0,2023-03-03,15306.0,1.0,-316.0,-0.02086159627322303,down
2023-03-05,14706.0,2023-03-04,14990.0,1.0,-284.0,-0.01912773834047585,down
2023-03-07,15034.0,2023-03-05,14706.0,2.0,328.0,0.022058728981246514,up
2023-03-08,15198.0,2023-03-07,15034.0,1.0,164.0,0.010849537492315986,up
2023-03-10,15600.0,2023-03-08,15198.0,2.0,402.0,0.026107074007898096,up
2023-03-11,15771.0,2023-03-10,15600.0,1.0,171.0,0.010901896249929332,up
2023-03-13,15374.0,2023-03-11,15771.0,2.0,-397.0,-0.025495039578480403,down
2023-03-14,15380.0,2023-03-13,15374.0,1.0,6.0,0.00039019315055756554,flat
2023-03-15,15365.0,2023-03-14,15380.0,1.0,-15.0,-0.0009757684950498939,down
2023-03-16,15418.0,2023-03-15,15365.0,1.0,53.0,0.003443462454622367,up
2023-03-17,15364.0,2023-03-16,15418.0,1.0,-54.0,-0.003508547553412071,down
2023-03-20,15372.0,2023-03-17,15364.0,3.0,8.0,0.0005205622189390558,up
2023-03-21,15349.0,2023-03-20,15372.0,1.0,-23.0,-0.0014973473713265207,down
2023-03-24,15189.0,2023-03-21,15349.0,3.0,-160.0,-0.010478843675389234,down
2023-03-27,15174.0,2023-03-24,15189.0,3.0,-15.0,-0.0009880447399987255,down
2023-03-28,15088.0,2023-03-27,15174.0,1.0,-86.0,-0.005683711024781448,down
2023-03-29,15094.0,2023-03-28,15088.0,1.0,6.0,0.0003975879715749515,flat
2023-03-30,15062.0,2023-03-29,15094.0,1.0,-32.0,-0.00212229818351674,down
2023-03-31,14977.0,2023-03-30,15062.0,1.0,-85.0,-0.005659324668901467,down
2023-04-01,15615.0,2023-03-31,14977.0,1.0,638.0,0.04171629972478334,up
2023-04-04,14913.0,2023-04-01,15615.0,3.0,-702.0,-0.04599867495439667,down
2023-04-05,14632.0,2023-04-04,14913.0,1.0,-281.0,-0.019022404692080653,down
2023-04-07,15018.0,2023-04-05,14632.0,2.0,386.0,0.026038570589127633,up
2023-04-08,15168.0,2023-04-07,15018.0,1.0,150.0,0.009938463834973777,up
2023-04-09,15247.0,2023-04-08,15168.0,1.0,79.0,0.00519481687710393,up
2023-04-10,15636.0,2023-04-09,15247.0,1.0,389.0,0.025193185540938356,up
2023-04-12,15446.0,2023-04-10,15636.0,2.0,-190.0,-0.012225877783636213,down
2023-04-13,14792.0,2023-04-12,15446.0,1.0,-654.0,-0.04326357606224844,down
2023-04-14,14666.0,2023-04-13,14792.0,1.0,-126.0,-0.008554604413215962,down
2023-04-17,14773.0,2023-04-14,14666.0,3.0,107.0,0.007269300667863371,up
2023-04-18,14855.0,2023-04-17,14773.0,1.0,82.0,0.0055353185750998835,up
2023-04-26,14882.0,2023-04-18,14855.0,8.0,27.0,0.0018159200604985653,up
2023-04-27,14751.0,2023-04-26,14882.0,1.0,-131.0,-0.008841551877157497,down
2023-04-28,14661.0,2023-04-27,14751.0,1.0,-90.0,-0.006119970141784557,down
2023-05-01,15610.0,2023-04-28,14661.0,3.0,949.0,0.0627208275712133,up
2023-05-04,14933.0,2023-05-01,15610.0,3.0,-677.0,-0.044338205452209095,down
2023-05-05,14674.0,2023-05-04,14933.0,1.0,-259.0,-0.017496308783329036,down
2023-05-06,14888.0,2023-05-05,14674.0,1.0,214.0,0.014478299048147137,up
2023-05-07,15013.0,2023-05-06,14888.0,1.0,125.0,0.008360973090218252,up
2023-05-09,15260.0,2023-05-07,15013.0,2.0,247.0,0.01631853342614296,up
2023-05-10,15601.0,2023-05-09,15260.0,1.0,341.0,0.022099988908801313,up
2023-05-12,15504.0,2023-05-10,15601.0,2.0,-97.0,-0.006236959616701903,down
2023-05-15,14812.0,2023-05-12,15504.0,3.0,-692.0,-0.0456603920970442,down
2023-05-16,14810.0,2023-05-15,14812.0,1.0,-2.0,-0.0001350347716588562,flat
2023-05-17,14875.0,2023-05-16,14810.0,1.0,65.0,0.004379323151986043,up
2023-05-19,14936.0,2023-05-17,14875.0,2.0,61.0,0.004092454807728027,up
2023-05-22,14897.0,2023-05-19,14936.0,3.0,-39.0,-0.0026145558419655977,down
2023-05-23,14878.0,2023-05-22,14897.0,1.0,-19.0,-0.001276238628306229,down
2023-05-24,14905.0,2023-05-23,14878.0,1.0,27.0,0.0018131153608850756,up
2023-05-25,14952.0,2023-05-24,14905.0,1.0,47.0,0.003148343023226962,up
2023-05-26,14959.0,2023-05-25,14952.0,1.0,7.0,0.00046805523906213526,flat
2023-05-29,14973.0,2023-05-26,14959.0,3.0,14.0,0.0009354537632579922,up
2023-05-30,14969.0,2023-05-29,14973.0,1.0,-4.0,-0.00026718322248318107,flat
2023-05-31,15003.0,2023-05-30,14969.0,1.0,34.0,0.002268785171777582,up
2023-06-01,15635.0,2023-05-31,15003.0,1.0,632.0,0.04126180980492832,up
2023-06-02,15055.0,2023-06-01,15635.0,1.0,-580.0,-0.03780182897610751,down
2023-06-03,15301.0,2023-06-02,15055.0,1.0,246.0,0.01620802380597923,up
2023-06-04,14943.0,2023-06-03,15301.0,1.0,-358.0,-0.02367522298042041,down
2023-06-06,14839.0,2023-06-04,14943.0,2.0,-104.0,-0.0069841127352666494,down
2023-06-07,15062.0,2023-06-06,14839.0,1.0,223.0,0.014916165655170524,up
2023-06-09,15307.0,2023-06-07,15062.0,2.0,245.0,0.016135224430410225,up
2023-06-10,15628.0,2023-06-09,15307.0,1.0,321.0,0.020753937083253942,up
2023-06-11,15550.0,2023-06-10,15628.0,1.0,-78.0,-0.005003538567581013,down
2023-06-12,15504.0,2023-06-11,15550.0,1.0,-46.0,-0.0029625834768327564,down
2023-06-13,14868.0,2023-06-12,15504.0,1.0,-636.0,-0.041886802713404746,down
2023-06-14,14895.0,2023-06-13,14868.0,1.0,27.0,0.0018143337302398642,up
2023-06-15,14943.0,2023-06-14,14895.0,1.0,48.0,0.003217376594010378,up
2023-06-16,14945.0,2023-06-15,14943.0,1.0,2.0,0.00013383297664516233,flat
2023-06-19,14994.0,2023-06-16,14945.0,3.0,49.0,0.0032733253449691085,up
2023-06-20,15040.0,2023-06-19,14994.0,1.0,46.0,0.003063197440823456,up
2023-06-21,14982.0,2023-06-20,15040.0,1.0,-58.0,-0.0038638379960025653,down
2023-06-22,14918.0,2023-06-21,14982.0,1.0,-64.0,-0.004280942992719688,down
2023-06-23,14998.0,2023-06-22,14918.0,1.0,80.0,0.0053483213462260345,up
2023-06-26,15026.0,2023-06-23,14998.0,3.0,28.0,0.0018651750677712458,up
2023-06-27,15000.0,2023-06-26,15026.0,1.0,-26.0,-0.001731832844758771,down
2023-07-02,15139.0,2023-06-27,15000.0,5.0,139.0,0.009223994527531752,up
2023-07-03,15359.0,2023-07-02,15139.0,1.0,220.0,0.014427425803749363,up
2023-07-06,14875.0,2023-07-03,15359.0,3.0,-484.0,-0.03201967000179779,down
2023-07-07,15136.0,2023-07-06,14875.0,1.0,261.0,0.01739406087782895,up
2023-07-08,15178.0,2023-07-07,15136.0,1.0,42.0,0.0027709986721985427,up
2023-07-09,15334.0,2023-07-08,15178.0,1.0,156.0,0.010225574154981636,up
2023-07-11,15593.0,2023-07-09,15334.0,2.0,259.0,0.016749510466045673,up
2023-07-12,15536.0,2023-07-11,15593.0,1.0,-57.0,-0.0036621840537792998,down
2023-07-13,14978.0,2023-07-12,15536.0,1.0,-558.0,-0.036577453721793766,down
2023-07-14,14945.0,2023-07-13,14978.0,1.0,-33.0,-0.002205662091274205,down
2023-07-17,15007.0,2023-07-14,14945.0,3.0,62.0,0.004139963177951446,up
2023-07-18,14994.0,2023-07-17,15007.0,1.0,-13.0,-0.0008666378329822307,down
2023-07-20,14991.0,2023-07-18,14994.0,2.0,-3.0,-0.00020010005069264774,flat
2023-07-21,15026.0,2023-07-20,14991.0,1.0,35.0,0.002332012916791139,up
2023-07-24,15028.0,2023-07-21,15026.0,3.0,2.0,0.00013309376475357078,flat
2023-07-25,15007.0,2023-07-24,15028.0,1.0,-21.0,-0.001398368797869963,down
2023-07-26,15032.0,2023-07-25,15007.0,1.0,25.0,0.0016645031973116483,up
2023-07-27,15003.0,2023-07-26,15032.0,1.0,-29.0,-0.0019310810062878054,down
2023-07-28,15083.0,2023-07-27,15003.0,1.0,80.0,0.005318100681238921,up
2023-07-31,15092.0,2023-07-28,15083.0,3.0,9.0,0.0005965203159488625,up
2023-08-02,15122.0,2023-07-31,15092.0,2.0,30.0,0.0019858350340141466,up
2023-08-03,15451.0,2023-08-02,15122.0,1.0,329.0,0.021523089032202878,up
2023-08-05,14709.0,2023-08-03,15451.0,2.0,-742.0,-0.04921417483107518,down
2023-08-06,14903.0,2023-08-05,14709.0,1.0,194.0,0.01310298362944979,up
2023-08-08,15229.0,2023-08-06,14903.0,2.0,326.0,0.02163896990289814,up
2023-08-09,15341.0,2023-08-08,15229.0,1.0,112.0,0.007327477993082464,up
2023-08-11,15629.0,2023-08-09,15341.0,2.0,288.0,0.018599179997420265,up
2023-08-12,15500.0,2023-08-11,15629.0,1.0,-129.0,-0.008288138934855537,down
2023-08-14,15323.0,2023-08-12,15500.0,2.0,-177.0,-0.011485056329161773,down
2023-08-15,15346.0,2023-08-14,15323.0,1.0,23.0,0.0014998861594343025,up
2023-08-16,15308.0,2023-08-15,15346.0,1.0,-38.0,-0.0024792861920176334,down
2023-08-18,15308.0,2023-08-16,15308.0,2.0,0.0,0.0,flat
2023-08-21,15329.0,2023-08-18,15308.0,3.0,21.0,0.0013708916205146028,up
2023-08-22,15326.0,2023-08-21,15329.0,1.0,-3.0,-0.0001957266357577332,flat
2023-08-23,15319.0,2023-08-22,15326.0,1.0,-7.0,-0.000456844517653492,flat
2023-08-24,15253.0,2023-08-23,15319.0,1.0,-66.0,-0.004317683012762993,down
2023-08-25,15297.0,2023-08-24,15253.0,1.0,44.0,0.00288052572333235,up
2023-08-28,15294.0,2023-08-25,15297.0,3.0,-3.0,-0.00019613611909502894,flat
2023-08-29,15263.0,2023-08-28,15294.0,1.0,-31.0,-0.0020289956890484806,down
2023-08-30,15239.0,2023-08-29,15263.0,1.0,-24.0,-0.0015736676252612134,down
2023-08-31,15237.0,2023-08-30,15239.0,1.0,-2.0,-0.00013125082050605833,flat
2023-09-01,15574.0,2023-08-31,15237.0,1.0,337.0,0.021876176667576706,up
2023-09-02,15120.0,2023-09-01,15574.0,1.0,-454.0,-0.02958448640340738,down
2023-09-03,15438.0,2023-09-02,15120.0,1.0,318.0,0.020813631776275106,up
2023-09-05,14757.0,2023-09-03,15438.0,2.0,-681.0,-0.04511445604634966,down
2023-09-06,14853.0,2023-09-05,14757.0,1.0,96.0,0.006484318566083192,up
2023-09-08,15206.0,2023-09-06,14853.0,2.0,353.0,0.02348822175884931,up
2023-09-10,15675.0,2023-09-08,15206.0,2.0,469.0,0.030376999712739387,up
2023-09-11,15649.0,2023-09-10,15675.0,1.0,-26.0,-0.0016600693379495584,down
2023-09-13,15367.0,2023-09-11,15649.0,2.0,-282.0,-0.01818466410783961,down
2023-09-14,15357.0,2023-09-13,15367.0,1.0,-10.0,-0.0006509569296394343,down
2023-09-15,15367.0,2023-09-14,15357.0,1.0,10.0,0.000650956929639474,up
2023-09-18,15373.0,2023-09-15,15367.0,3.0,6.0,0.00039037085726704583,flat
2023-09-19,15381.0,2023-09-18,15373.0,1.0,8.0,0.0005202575392107477,up
2023-09-20,15396.0,2023-09-19,15381.0,1.0,15.0,0.0009747539518263854,up
2023-09-21,15397.0,2023-09-20,15396.0,1.0,1.0,6.494982628213698e-05,flat
2023-09-22,15383.0,2023-09-21,15397.0,1.0,-14.0,-0.000909681674167693,down
2023-09-25,15399.0,2023-09-22,15383.0,3.0,16.0,0.0010395686726617013,up
2023-09-26,15464.0,2023-09-25,15399.0,1.0,65.0,0.0042121696597539554,up
2023-09-27,15526.0,2023-09-26,15464.0,1.0,62.0,0.004001296077458718,up
2023-09-29,15487.0,2023-09-27,15526.0,2.0,-39.0,-0.0025150756494512357,down
2023-10-01,15589.0,2023-09-29,15487.0,2.0,102.0,0.006564574996506569,up
2023-10-02,15140.0,2023-10-01,15589.0,1.0,-449.0,-0.029225289321241167,down
2023-10-03,15468.0,2023-10-02,15140.0,1.0,328.0,0.021433125735747974,up
2023-10-04,14905.0,2023-10-03,15468.0,1.0,-563.0,-0.037076646615015904,down
2023-10-05,14746.0,2023-10-04,14905.0,1.0,-159.0,-0.010724867562575886,down
2023-10-07,15192.0,2023-10-05,14746.0,2.0,446.0,0.02979711394252595,up
2023-10-08,15204.0,2023-10-07,15192.0,1.0,12.0,0.0007895776170175821,up
2023-10-10,15708.0,2023-10-08,15204.0,2.0,504.0,0.032611585588760796,up
2023-10-11,15693.0,2023-10-10,15708.0,1.0,-15.0,-0.0009553836591794347,down
2023-10-13,15709.0,2023-10-11,15693.0,2.0,16.0,0.0010190434612190305,up
2023-10-16,15716.0,2023-10-13,15709.0,3.0,7.0,0.0004455051784106034,flat
2023-10-17,15718.0,2023-10-16,15716.0,1.0,2.0,0.0001272507477697701,flat
2023-10-18,15731.0,2023-10-17,15718.0,1.0,13.0,0.0008267353963844539,up
2023-10-19,15838.0,2023-10-18,15731.0,1.0,107.0,0.006778827947852897,up
2023-10-20,15856.0,2023-10-19,15838.0,1.0,18.0,0.001135861799411539,up
2023-10-23,15943.0,2023-10-20,15856.0,3.0,87.0,0.005471883837596114,up
2023-10-24,15869.0,2023-10-23,15943.0,1.0,-74.0,-0.004652340844522997,down
2023-10-25,15871.0,2023-10-24,15869.0,1.0,2.0,0.00012602394471627297,flat
2023-10-26,15933.0,2023-10-25,15871.0,1.0,62.0,0.0038988855829503438,up
2023-10-27,15941.0,2023-10-26,15933.0,1.0,8.0,0.0005019765431377597,up
2023-10-30,15916.0,2023-10-27,15941.0,3.0,-25.0,-0.0015695140868273443,down
2023-10-31,15897.0,2023-10-30,15916.0,1.0,-19.0,-0.0011944803859475115,down
2023-11-01,15527.0,2023-10-31,15897.0,1.0,-370.0,-0.023549968179701956,down
2023-11-04,14888.0,2023-11-01,15527.0,3.0,-639.0,-0.042024924659083106,down
2023-11-05,14722.0,2023-11-04,14888.0,1.0,-166.0,-0.011212545703435427,down
2023-11-07,15162.0,2023-11-05,14722.0,2.0,440.0,0.029449323997597924,up
2023-11-08,15225.0,2023-11-07,15162.0,1.0,63.0,0.004146515961848618,up
2023-11-09,15352.0,2023-11-08,15225.0,1.0,127.0,0.008306945109438087,up
2023-11-10,15710.0,2023-11-09,15352.0,1.0,358.0,0.02305169356213099,up
2023-11-12,15614.0,2023-11-10,15710.0,2.0,-96.0,-0.006129504569430608,down
2023-11-13,15713.0,2023-11-12,15614.0,1.0,99.0,0.0063204475098955345,up
2023-11-14,15699.0,2023-11-13,15713.0,1.0,-14.0,-0.0008913791498142606,down
2023-11-15,15503.0,2023-11-14,15699.0,1.0,-196.0,-0.012563462473955376,down
2023-11-16,15595.0,2023-11-15,15503.0,1.0,92.0,0.005916796475541492,up
2023-11-17,15504.0,2023-11-16,15595.0,1.0,-91.0,-0.005852294911356159,down
2023-11-20,15419.0,2023-11-17,15504.0,3.0,-85.0,-0.005497539959194831,down
2023-11-21,15436.0,2023-11-20,15419.0,1.0,17.0,0.0011019284861567347,up
2023-11-22,15584.0,2023-11-21,15436.0,1.0,148.0,0.009542303224807038,up
2023-11-23,15593.0,2023-11-22,15584.0,1.0,9.0,0.0005773487025690589,up
2023-11-24,15587.0,2023-11-23,15593.0,1.0,-6.0,-0.0003848620958344481,flat
2023-11-27,15527.0,2023-11-24,15587.0,3.0,-60.0,-0.003856789507881238,down
2023-11-28,15450.0,2023-11-27,15527.0,1.0,-77.0,-0.0049714406552782385,down
2023-11-29,15384.0,2023-11-28,15450.0,1.0,-66.0,-0.004280995057275833,down
2023-11-30,15484.0,2023-11-29,15384.0,1.0,100.0,0.006479224428923141,up
2023-12-01,15366.0,2023-11-30,15484.0,1.0,-118.0,-0.007649956269958432,down
2023-12-04,14866.0,2023-12-01,15366.0,3.0,-500.0,-0.033080550142341424,down
2023-12-05,14752.0,2023-12-04,14866.0,1.0,-114.0,-0.007698059488863733,down
2023-12-06,14874.0,2023-12-05,14752.0,1.0,122.0,0.008236055466870514,up
2023-12-07,15084.0,2023-12-06,14874.0,1.0,210.0,0.014019857115002261,up
2023-12-09,15344.0,2023-12-07,15084.0,2.0,260.0,0.017089938744971823,up
2023-12-10,15702.0,2023-12-09,15344.0,1.0,358.0,0.02306357463498136,up
2023-12-12,15631.0,2023-12-10,15702.0,2.0,-71.0,-0.004531970862729682,down
2023-12-13,15629.0,2023-12-12,15631.0,1.0,-2.0,-0.00012795905327760043,flat
2023-12-14,15493.0,2023-12-13,15629.0,1.0,-136.0,-0.008739853845901749,down
2023-12-15,15503.0,2023-12-14,15493.0,1.0,10.0,0.0006452445700703242,up
2023-12-18,15516.0,2023-12-15,15503.0,3.0,13.0,0.0008381959934956404,up
2023-12-19,15506.0,2023-12-18,15516.0,1.0,-10.0,-0.0006447037809534372,down
2023-12-20,15512.0,2023-12-19,15506.0,1.0,6.0,0.00038687214358348995,flat
2023-12-21,15533.0,2023-12-20,15512.0,1.0,21.0,0.0013528750654195104,up
2023-12-22,15489.0,2023-12-21,15533.0,1.0,-44.0,-0.00283669844014846,down
2023-12-27,15414.0,2023-12-22,15489.0,5.0,-75.0,-0.004853907209820268,down
2023-12-28,15416.0,2023-12-27,15414.0,1.0,2.0,0.0001297437562638226,flat
2023-12-29,15439.0,2023-12-28,15416.0,1.0,23.0,0.0014908445477242525,up
2024-01-02,15775.0,2023-12-29,15439.0,4.0,336.0,0.021529632767487258,up
2024-01-03,15696.0,2024-01-02,15775.0,1.0,-79.0,-0.005020505604269559,down
2024-01-04,15909.0,2024-01-03,15696.0,1.0,213.0,0.013479084000095287,up
2024-01-07,16355.0,2024-01-04,15909.0,3.0,446.0,0.027648674167244584,up
2024-01-08,16243.0,2024-01-07,16355.0,1.0,-112.0,-0.0068716142530884415,down
2024-01-10,15204.0,2024-01-08,16243.0,2.0,-1039.0,-0.06610349561025648,down
2024-01-11,15723.0,2024-01-10,15204.0,1.0,519.0,0.03356605736113662,up
2024-01-15,15555.0,2024-01-11,15723.0,4.0,-168.0,-0.010742478138538509,down
2024-01-16,15592.0,2024-01-15,15555.0,1.0,37.0,0.0023758318556593105,up
2024-01-17,15639.0,2024-01-16,15592.0,1.0,47.0,0.003009832248818878,up
2024-01-18,15630.0,2024-01-17,15639.0,1.0,-9.0,-0.0005756500206933352,down
2024-01-19,15628.0,2024-01-18,15630.0,1.0,-2.0,-0.00012796724056111534,flat
2024-01-22,15627.0,2024-01-19,15628.0,3.0,-1.0,-6.39897616600226e-05,flat
2024-01-23,15656.0,2024-01-22,15627.0,1.0,29.0,0.0018540426626108245,up
2024-01-24,15719.0,2024-01-23,15656.0,1.0,63.0,0.004015941652325862,up
2024-01-25,15767.0,2024-01-24,15719.0,1.0,48.0,0.003048976509243795,up
2024-01-26,15829.0,2024-01-25,15767.0,1.0,62.0,0.003924552448256694,up
2024-01-29,15825.0,2024-01-26,15829.0,3.0,-4.0,-0.0002527326733613876,flat
2024-01-30,15796.0,2024-01-29,15825.0,1.0,-29.0,-0.00183422460583686,down
2024-01-31,15803.0,2024-01-30,15796.0,1.0,7.0,0.0004430520025638121,flat
2024-02-01,15473.0,2024-01-31,15803.0,1.0,-330.0,-0.021103225919431128,down
2024-02-02,15688.0,2024-02-01,15473.0,1.0,215.0,0.013799519386509525,up
2024-02-04,15934.0,2024-02-02,15688.0,2.0,246.0,0.01555910206412919,up
2024-02-05,16202.0,2024-02-04,15934.0,1.0,268.0,0.016679500450125163,up
2024-02-07,16384.0,2024-02-05,16202.0,2.0,182.0,0.011170557448797788,up
2024-02-08,16234.0,2024-02-07,16384.0,1.0,-150.0,-0.009197440518113326,down
2024-02-09,15536.0,2024-02-08,16234.0,1.0,-698.0,-0.04394789679001485,down
2024-02-10,15247.0,2024-02-09,15536.0,1.0,-289.0,-0.01877714915919907,down
2024-02-12,15905.0,2024-02-10,15247.0,2.0,658.0,0.04225076281133744,up
2024-02-13,15585.0,2024-02-12,15905.0,1.0,-320.0,-0.02032461198180706,down
2024-02-15,15606.0,2024-02-13,15585.0,2.0,21.0,0.001346542475269147,up
2024-02-16,15654.0,2024-02-15,15606.0,1.0,48.0,0.0030710196880768125,up
2024-02-19,15630.0,2024-02-16,15654.0,3.0,-24.0,-0.0015343309492610842,down
2024-02-20,15659.0,2024-02-19,15630.0,1.0,29.0,0.0018536871299206044,up
2024-02-21,15658.0,2024-02-20,15659.0,1.0,-1.0,-6.386307758344844e-05,flat
2024-02-22,15630.0,2024-02-21,15658.0,1.0,-28.0,-0.001789824052337159,down
2024-02-23,15589.0,2024-02-22,15630.0,1.0,-41.0,-0.0026266071028413925,down
2024-02-26,15635.0,2024-02-23,15589.0,3.0,46.0,0.00294645357926077,up
2024-02-27,15655.0,2024-02-26,15635.0,1.0,20.0,0.0012783638685645133,up
2024-02-28,15673.0,2024-02-27,15655.0,1.0,18.0,0.001149131893562169,up
2024-02-29,15715.0,2024-02-28,15673.0,1.0,42.0,0.0026761835775998225,up
2024-03-01,15495.0,2024-02-29,15715.0,1.0,-220.0,-0.014098279009819397,down
2024-03-04,15923.0,2024-03-01,15495.0,3.0,428.0,0.027247213634577466,up
2024-03-05,16094.0,2024-03-04,15923.0,1.0,171.0,0.010681926849652017,up
2024-03-06,16225.0,2024-03-05,16094.0,1.0,131.0,0.008106730866212627,up
2024-03-07,16387.0,2024-03-06,16225.0,1.0,162.0,0.00993507497393333,up
2024-03-09,15557.0,2024-03-07,16387.0,2.0,-830.0,-0.051977639459102554,down
2024-03-10,15394.0,2024-03-09,15557.0,1.0,-163.0,-0.010532874992858737,down
2024-03-12,15950.0,2024-03-10,15394.0,2.0,556.0,0.03548100611872785,up
2024-03-13,15576.0,2024-03-12,15950.0,1.0,-374.0,-0.023727561160955042,down
2024-03-14,15582.0,2024-03-13,15576.0,1.0,6.0,0.00038513383876772895,flat
2024-03-15,15624.0,2024-03-14,15582.0,1.0,42.0,0.002691791665711353,up
2024-03-18,15672.0,2024-03-15,15624.0,3.0,48.0,0.0030674870678618796,up
2024-03-19,15712.0,2024-03-18,15672.0,1.0,40.0,0.0025490709698704943,up
2024-03-20,15727.0,2024-03-19,15712.0,1.0,15.0,0.0009542288964782148,up
2024-03-21,15662.0,2024-03-20,15727.0,1.0,-65.0,-0.004141584179842504,down
2024-03-22,15773.0,2024-03-21,15662.0,1.0,111.0,0.007062221176591024,up
2024-03-25,15795.0,2024-03-22,15773.0,3.0,22.0,0.0013938167487116287,up
2024-03-26,15797.0,2024-03-25,15795.0,1.0,2.0,0.00012661433291157308,flat
2024-03-27,15853.0,2024-03-26,15797.0,1.0,56.0,0.003538708274130549,up
2024-03-28,15873.0,2024-03-27,15853.0,1.0,20.0,0.0012607957290137303,up
2024-04-01,15525.0,2024-03-28,15873.0,4.0,-348.0,-0.022167924770561852,down
2024-04-03,15723.0,2024-04-01,15525.0,2.0,198.0,0.01267298066859642,up
2024-04-04,15907.0,2024-04-03,15723.0,1.0,184.0,0.011634655428084532,up
2024-04-06,16220.0,2024-04-04,15907.0,2.0,313.0,0.019485784771043506,up
2024-04-07,16341.0,2024-04-06,16220.0,1.0,121.0,0.007432238382380136,up
2024-04-09,15490.0,2024-04-07,16341.0,2.0,-851.0,-0.05348263264086978,down
2024-04-10,15495.0,2024-04-09,15490.0,1.0,5.0,0.0003227368109342872,flat
2024-04-11,15751.0,2024-04-10,15495.0,1.0,256.0,0.01638646407988683,up
2024-04-12,15957.0,2024-04-11,15751.0,1.0,206.0,0.01299374910869175,up
2024-04-16,16176.0,2024-04-12,15957.0,4.0,219.0,0.013631057849825368,up
2024-04-17,16240.0,2024-04-16,16176.0,1.0,64.0,0.00394867245541628,up
2024-04-18,16177.0,2024-04-17,16240.0,1.0,-63.0,-0.0038868543859749065,down
2024-04-19,16280.0,2024-04-18,16177.0,1.0,103.0,0.006346880226837295,up
2024-04-22,16224.0,2024-04-19,16280.0,3.0,-56.0,-0.003445733165621576,down
2024-04-23,16244.0,2024-04-22,16224.0,1.0,20.0,0.0012319824152786769,up
2024-04-24,16161.0,2024-04-23,16244.0,1.0,-83.0,-0.005122677457544965,down
2024-04-25,16208.0,2024-04-24,16161.0,1.0,47.0,0.0029040151398210742,up
2024-04-26,16222.0,2024-04-25,16208.0,1.0,14.0,0.0008633981418254249,up
2024-04-29,16249.0,2024-04-26,16222.0,3.0,27.0,0.0016630227724863005,up
2024-04-30,16276.0,2024-04-29,16249.0,1.0,27.0,0.0016602617188044096,up
2024-05-01,15518.0,2024-04-30,16276.0,1.0,-758.0,-0.047690989667686055,down
2024-05-02,15705.0,2024-05-01,15518.0,1.0,187.0,0.011978492518852406,up
2024-05-03,15756.0,2024-05-02,15705.0,1.0,51.0,0.0032421121180496292,up
2024-05-04,15873.0,2024-05-03,15756.0,1.0,117.0,0.007398307481444925,up
2024-05-06,16282.0,2024-05-04,15873.0,2.0,409.0,0.02544065056168158,up
2024-05-07,16312.0,2024-05-06,16282.0,1.0,30.0,0.0018408301203680524,up
2024-05-08,16154.0,2024-05-07,16312.0,1.0,-158.0,-0.009733336252049493,down
2024-05-09,15410.0,2024-05-08,16154.0,1.0,-744.0,-0.04715104768808022,down
2024-05-11,15766.0,2024-05-09,15410.0,2.0,356.0,0.02283907330569204,up
2024-05-12,15892.0,2024-05-11,15766.0,1.0,126.0,0.00796011531463592,up
2024-05-13,16085.0,2024-05-12,15892.0,1.0,193.0,0.012071322738637119,up
2024-05-14,16131.0,2024-05-13,16085.0,1.0,46.0,0.002855725804661129,up
2024-05-15,16070.0,2024-05-14,16131.0,1.0,-61.0,-0.0037887067462294504,down
2024-05-16,15944.0,2024-05-15,16070.0,1.0,-126.0,-0.007871596838927658,down
2024-05-17,15978.0,2024-05-16,15944.0,1.0,34.0,0.002130193149356588,up
2024-05-20,15980.0,2024-05-17,15978.0,3.0,2.0,0.00012516427827843183,flat
2024-05-21,16024.0,2024-05-20,15980.0,1.0,44.0,0.0027496580253884924,up
2024-05-22,15995.0,2024-05-21,16024.0,1.0,-29.0,-0.0018114249620357493,down
2024-05-27,16064.0,2024-05-22,15995.0,5.0,69.0,0.004304570107837356,up
2024-05-28,16095.0,2024-05-27,16064.0,1.0,31.0,0.0019279212414527516,up
2024-05-29,16160.0,2024-05-28,16095.0,1.0,65.0,0.004030388342177809,up
2024-05-30,16253.0,2024-05-29,16160.0,1.0,93.0,0.0057384540280896405,up
2024-05-31,16251.0,2024-05-30,16253.0,1.0,-2.0,-0.00012306177716740142,flat
2024-06-02,15734.0,2024-05-31,16251.0,2.0,-517.0,-0.03233046943682079,down
2024-06-03,15723.0,2024-06-02,15734.0,1.0,-11.0,-0.0006993674189118274,down
2024-06-05,16025.0,2024-06-03,15723.0,2.0,302.0,0.019025394318594763,up
2024-06-06,16279.0,2024-06-05,16025.0,1.0,254.0,0.0157259308196392,up
2024-06-08,16183.0,2024-06-06,16279.0,2.0,-96.0,-0.00591462509162451,down
2024-06-09,15372.0,2024-06-08,16183.0,1.0,-811.0,-0.05141363583215092,down
2024-06-11,15840.0,2024-06-09,15372.0,2.0,468.0,0.029990713683682325,up
2024-06-12,15848.0,2024-06-11,15840.0,1.0,8.0,0.0005049230099700682,up
2024-06-13,16286.0,2024-06-12,15848.0,1.0,438.0,0.02726253364868971,up
2024-06-14,16374.0,2024-06-13,16286.0,1.0,88.0,0.0053888679093169346,up
2024-06-19,16368.0,2024-06-14,16374.0,5.0,-6.0,-0.00036650174498570223,flat
2024-06-20,16420.0,2024-06-19,16368.0,1.0,52.0,0.0031718948150114934,up
2024-06-21,16458.0,2024-06-20,16420.0,1.0,38.0,0.002311577159239031,up
2024-06-24,16431.0,2024-06-21,16458.0,3.0,-27.0,-0.0016418867138271879,down
2024-06-25,16379.0,2024-06-24,16431.0,1.0,-52.0,-0.0031697679694515,down
2024-06-26,16435.0,2024-06-25,16379.0,1.0,56.0,0.0034131806159403335,up
2024-06-27,16421.0,2024-06-26,16435.0,1.0,-14.0,-0.0008522036064823842,down
2024-06-28,16394.0,2024-06-27,16421.0,1.0,-27.0,-0.0016455892788613932,down
2024-07-02,15685.0,2024-06-28,16394.0,4.0,-709.0,-0.044210572588197425,down
2024-07-03,15658.0,2024-07-02,15685.0,1.0,-27.0,-0.0017228731569190199,down
2024-07-05,16054.0,2024-07-03,15658.0,2.0,396.0,0.02497607122366271,up
2024-07-06,16218.0,2024-07-05,16054.0,1.0,164.0,0.010163696812980499,up
2024-07-08,16100.0,2024-07-06,16218.0,2.0,-118.0,-0.007302464531948265,down
2024-07-10,15680.0,2024-07-08,16100.0,2.0,-420.0,-0.026433257068155483,down
2024-07-11,15767.0,2024-07-10,15680.0,1.0,87.0,0.00553313333308281,up
2024-07-15,16174.0,2024-07-11,15767.0,4.0,407.0,0.02548586641828568,up
2024-07-16,16203.0,2024-07-15,16174.0,1.0,29.0,0.0017913956052333822,up
2024-07-17,16129.0,2024-07-16,16203.0,1.0,-74.0,-0.004577516343818247,down
2024-07-18,16160.0,2024-07-17,16129.0,1.0,31.0,0.0019201591579038964,up
2024-07-19,16199.0,2024-07-18,16160.0,1.0,39.0,0.0024104588450515867,up
2024-07-22,16228.0,2024-07-19,16199.0,3.0,29.0,0.0017886334061998584,up
2024-07-23,16204.0,2024-07-22,16228.0,1.0,-24.0,-0.0014800200037566756,down
2024-07-24,16224.0,2024-07-23,16204.0,1.0,20.0,0.0012335020683285334,up
2024-07-25,16268.0,2024-07-24,16224.0,1.0,44.0,0.0027083606362054836,up
2024-07-26,16294.0,2024-07-25,16268.0,1.0,26.0,0.001596953843471852,up
2024-07-29,16286.0,2024-07-26,16294.0,3.0,-8.0,-0.0004910988435104998,flat
2024-07-30,16320.0,2024-07-29,16286.0,1.0,34.0,0.002085506491021361,up
2024-07-31,16294.0,2024-07-30,16320.0,1.0,-26.0,-0.0015944076475109129,down
2024-08-01,15522.0,2024-07-31,16294.0,1.0,-772.0,-0.048538569456502915,down
2024-08-03,15603.0,2024-08-01,15522.0,2.0,81.0,0.005204831027098073,up
2024-08-05,16081.0,2024-08-03,15603.0,2.0,478.0,0.030175247412842388,up
2024-08-07,16265.0,2024-08-05,16081.0,2.0,184.0,0.011377109053427089,up
2024-08-08,15952.0,2024-08-07,16265.0,1.0,-313.0,-0.01943134670583231,down
2024-08-10,15671.0,2024-08-08,15952.0,2.0,-281.0,-0.017772342678403528,down
2024-08-11,15671.0,2024-08-10,15671.0,1.0,0.0,0.0,flat
2024-08-13,15885.0,2024-08-11,15671.0,2.0,214.0,0.013563397180400597,up
2024-08-14,15691.0,2024-08-13,15885.0,1.0,-194.0,-0.012287968144548335,down
2024-08-15,15687.0,2024-08-14,15691.0,1.0,-4.0,-0.0002549557028279496,flat
2024-08-16,15716.0,2024-08-15,15687.0,1.0,29.0,0.0018469578221101874,up
2024-08-19,15591.0,2024-08-16,15716.0,3.0,-125.0,-0.007985477001798821,down
2024-08-20,15480.0,2024-08-19,15591.0,1.0,-111.0,-0.007144956532833424,down
2024-08-21,15456.0,2024-08-20,15480.0,1.0,-24.0,-0.001551590691418833,down
2024-08-22,15579.0,2024-08-21,15456.0,1.0,123.0,0.00792657606012933,up
2024-08-23,15554.0,2024-08-22,15579.0,1.0,-25.0,-0.0016060132575399838,down
2024-08-26,15380.0,2024-08-23,15554.0,3.0,-174.0,-0.011249876195253696,down
2024-08-27,15509.0,2024-08-26,15380.0,1.0,129.0,0.008352536499817965,up
2024-08-28,15476.0,2024-08-27,15509.0,1.0,-33.0,-0.0021300637390492595,down
2024-08-29,15409.0,2024-08-28,15476.0,1.0,-67.0,-0.00433868253855021,down
2024-08-30,15473.0,2024-08-29,15409.0,1.0,64.0,0.0041448152078192215,up
2024-09-01,15518.0,2024-08-30,15473.0,2.0,45.0,0.0029040709642219973,up
2024-09-07,16281.0,2024-09-01,15518.0,6.0,763.0,0.04799814327761998,up
2024-09-08,15914.0,2024-09-07,16281.0,1.0,-367.0,-0.022799558794034388,down
2024-09-09,15446.0,2024-09-08,15914.0,1.0,-468.0,-0.02984915480827101,down
2024-09-10,15607.0,2024-09-09,15446.0,1.0,161.0,0.010369461413344366,up
2024-09-12,15861.0,2024-09-10,15607.0,2.0,254.0,0.01614373436100633,up
2024-09-13,15405.0,2024-09-12,15861.0,1.0,-456.0,-0.029171133872791556,down
2024-09-17,15338.0,2024-09-13,15405.0,4.0,-67.0,-0.004358722705963712,down
2024-09-18,15350.0,2024-09-17,15338.0,1.0,12.0,0.0007820646905385841,up
2024-09-19,15287.0,2024-09-18,15350.0,1.0,-63.0,-0.004112680014309054,down
2024-09-20,15100.0,2024-09-19,15287.0,1.0,-187.0,-0.012308050198018408,down
2024-09-23,15191.0,2024-09-20,15100.0,3.0,91.0,0.006008403404647042,up
2024-09-24,15186.0,2024-09-23,15191.0,1.0,-5.0,-0.0003291964344835637,flat
2024-09-25,15092.0,2024-09-24,15186.0,1.0,-94.0,-0.00620914868897802,down
2024-09-26,15171.0,2024-09-25,15092.0,1.0,79.0,0.0052209086638916975,up
2024-09-27,15138.0,2024-09-26,15171.0,1.0,-33.0,-0.0021775718789799267,down
2024-09-30,15144.0,2024-09-27,15138.0,3.0,6.0,0.0003962750200461179,flat
2024-10-01,15568.0,2024-09-30,15144.0,1.0,424.0,0.02761311153662754,up
2024-10-06,16290.0,2024-10-01,15568.0,5.0,722.0,0.04533389717030459,up
2024-10-07,16256.0,2024-10-06,16290.0,1.0,-34.0,-0.0020893512178823247,down
2024-10-09,15447.0,2024-10-07,16256.0,2.0,-809.0,-0.0510472616639574,down
2024-10-10,15658.0,2024-10-09,15447.0,1.0,211.0,0.013567158753608382,up
2024-10-12,15874.0,2024-10-10,15658.0,2.0,216.0,0.01370058218296134,up
2024-10-14,15581.0,2024-10-12,15874.0,2.0,-293.0,-0.01863032743346625,down
2024-10-15,15555.0,2024-10-14,15581.0,1.0,-26.0,-0.0016700928856171857,down
2024-10-16,15536.0,2024-10-15,15555.0,1.0,-19.0,-0.0012222188006312527,down
2024-10-17,15516.0,2024-10-16,15536.0,1.0,-20.0,-0.0012881619712483943,down
2024-10-18,15466.0,2024-10-17,15516.0,1.0,-50.0,-0.003227683390877023,down
2024-10-21,15465.0,2024-10-18,15466.0,3.0,-1.0,-6.46600498107744e-05,flat
2024-10-22,15560.0,2024-10-21,15465.0,1.0,95.0,0.006124112613212525,up
2024-10-23,15620.0,2024-10-22,15560.0,1.0,60.0,0.0038486256612944563,up
2024-10-24,15593.0,2024-10-23,15620.0,1.0,-27.0,-0.001730048808791484,down
2024-10-25,15629.0,2024-10-24,15593.0,1.0,36.0,0.0023060672573082066,up
2024-10-28,15729.0,2024-10-25,15629.0,3.0,100.0,0.006377979398448932,up
2024-10-29,15760.0,2024-10-28,15729.0,1.0,31.0,0.0019689421712277416,up
2024-10-30,15732.0,2024-10-29,15760.0,1.0,-28.0,-0.001778229860169922,down
2024-10-31,15705.0,2024-10-30,15732.0,1.0,-27.0,-0.0017177215789531985,down
2024-11-01,15558.0,2024-10-31,15705.0,1.0,-147.0,-0.009404157206027523,down
2024-11-06,16295.0,2024-11-01,15558.0,5.0,737.0,0.04628333650494244,up
2024-11-07,16200.0,2024-11-06,16295.0,1.0,-95.0,-0.005847070051186434,down
2024-11-09,15415.0,2024-11-07,16200.0,2.0,-785.0,-0.04967018090022475,down
2024-11-10,15609.0,2024-11-09,15415.0,1.0,194.0,0.012506609638162572,up
2024-11-11,15677.0,2024-11-10,15609.0,1.0,68.0,0.004346999110117826,up
2024-11-12,15905.0,2024-11-11,15677.0,1.0,228.0,0.014438855114713411,up
2024-11-13,15782.0,2024-11-12,15905.0,1.0,-123.0,-0.007763475102264139,down
2024-11-14,15873.0,2024-11-13,15782.0,1.0,91.0,0.00574950249126112,up
2024-11-15,15888.0,2024-11-14,15873.0,1.0,15.0,0.000944554712712409,up
2024-11-18,15848.0,2024-11-15,15888.0,3.0,-40.0,-0.002520797906566932,down
2024-11-19,15816.0,2024-11-18,15848.0,1.0,-32.0,-0.0020212235279340016,down
2024-11-20,15858.0,2024-11-19,15816.0,1.0,42.0,0.002652018981891414,up
2024-11-21,15942.0,2024-11-20,15858.0,1.0,84.0,0.005283031155524213,up
2024-11-22,15911.0,2024-11-21,15942.0,1.0,-31.0,-0.0019464420800120346,down
2024-11-25,15864.0,2024-11-22,15911.0,3.0,-47.0,-0.0029583027082246177,down
2024-11-26,15930.0,2024-11-25,15864.0,1.0,66.0,0.0041517327044623435,up
2024-11-28,15864.0,2024-11-26,15930.0,2.0,-66.0,-0.004151732704462324,down
2024-11-29,15856.0,2024-11-28,15864.0,1.0,-8.0,-0.000504413629862683,down
2024-12-01,15559.0,2024-11-29,15856.0,2.0,-297.0,-0.018908728254806505,down
2024-12-02,15612.0,2024-12-01,15559.0,1.0,53.0,0.003400599985542735,up
2024-12-06,16297.0,2024-12-02,15612.0,4.0,685.0,0.042941192475483184,up
2024-12-07,16154.0,2024-12-06,16297.0,1.0,-143.0,-0.008813344773747138,down
2024-12-08,15963.0,2024-12-07,16154.0,1.0,-191.0,-0.011894152737762636,down
2024-12-09,15421.0,2024-12-08,15963.0,1.0,-542.0,-0.03454332740682258,down
2024-12-11,15771.0,2024-12-09,15421.0,2.0,350.0,0.022442593629901305,up
2024-12-12,15939.0,2024-12-11,15771.0,1.0,168.0,0.010596125631495253,up
2024-12-13,15987.0,2024-12-12,15939.0,1.0,48.0,0.0030069558458389253,up
2024-12-16,16019.0,2024-12-13,15987.0,3.0,32.0,0.001999625736591629,up
2024-12-17,16050.0,2024-12-16,16019.0,1.0,31.0,0.001933331856678364,up
2024-12-18,16100.0,2024-12-17,16050.0,1.0,50.0,0.00311042241439233,up
2024-12-19,16277.0,2024-12-18,16100.0,1.0,177.0,0.010933796418943749,up
2024-12-20,16270.0,2024-12-19,16277.0,1.0,-7.0,-0.0004301471784147289,flat
2024-12-23,16159.0,2024-12-20,16270.0,3.0,-111.0,-0.00684575124083564,down
2024-12-24,16208.0,2024-12-23,16159.0,1.0,49.0,0.003027777516216672,up
2024-12-27,16251.0,2024-12-24,16208.0,3.0,43.0,0.002649497837543979,up
2024-12-30,16162.0,2024-12-27,16251.0,3.0,-89.0,-0.005491637532615602,down
2024-12-31,16157.0,2024-12-30,16162.0,1.0,-5.0,-0.0003094155165624025,flat
2025-01-07,16192.0,2024-12-31,16157.0,7.0,35.0,0.0021639008103615156,up
2025-01-08,16494.0,2025-01-07,16192.0,1.0,302.0,0.01847938530610861,up
2025-01-09,16463.0,2025-01-08,16494.0,1.0,-31.0,-0.0018812397452789647,down
2025-01-10,16680.0,2025-01-09,16463.0,1.0,217.0,0.0130949582647159,up
2025-01-12,16668.0,2025-01-10,16680.0,2.0,-12.0,-0.0007196833703936268,down
2025-01-13,16281.0,2025-01-12,16668.0,1.0,-387.0,-0.023491929810829558,down
2025-01-14,16265.0,2025-01-13,16281.0,1.0,-16.0,-0.0009832238240626819,down
2025-01-15,16311.0,2025-01-14,16265.0,1.0,46.0,0.0028241669065784177,up
2025-01-16,16378.0,2025-01-15,16311.0,1.0,67.0,0.004099244016103129,up
2025-01-17,16373.0,2025-01-16,16378.0,1.0,-5.0,-0.00030533419064122095,flat
2025-01-20,16372.0,2025-01-17,16373.0,3.0,-1.0,-6.10780271986558e-05,flat
2025-01-21,16331.0,2025-01-20,16372.0,1.0,-41.0,-0.002507416535550292,down
2025-01-22,16327.0,2025-01-21,16331.0,1.0,-4.0,-0.00024496295057885585,flat
2025-01-23,16276.0,2025-01-22,16327.0,1.0,-51.0,-0.0031285490045838324,down
2025-01-24,16200.0,2025-01-23,16276.0,1.0,-76.0,-0.004680387901105104,down
2025-01-30,16259.0,2025-01-24,16200.0,6.0,59.0,0.0036353593750797267,up
2025-01-31,16312.0,2025-01-30,16259.0,1.0,53.0,0.003254431658736003,up
2025-02-01,16236.0,2025-01-31,16312.0,1.0,-76.0,-0.004670034295502738,down
2025-02-05,16493.0,2025-02-01,16236.0,4.0,257.0,0.015705049489363854,up
2025-02-06,16297.0,2025-02-05,16493.0,1.0,-196.0,-0.011955006672163477,down
2025-02-07,16236.0,2025-02-06,16297.0,1.0,-61.0,-0.0037500428172004253,down
2025-02-09,16418.0,2025-02-07,16236.0,2.0,182.0,0.011147294949423067,up
2025-02-10,16612.0,2025-02-09,16418.0,1.0,194.0,0.011747031842432707,up
2025-02-12,16632.0,2025-02-10,16612.0,2.0,20.0,0.0012032247872046536,up
2025-02-13,16365.0,2025-02-12,16632.0,1.0,-267.0,-0.01618364260256801,down
2025-02-14,16285.0,2025-02-13,16365.0,1.0,-80.0,-0.00490046922494706,down
2025-02-17,16208.0,2025-02-14,16285.0,3.0,-77.0,-0.004739491221869199,down
2025-02-18,16275.0,2025-02-17,16208.0,1.0,67.0,0.004125240588305432,up
2025-02-19,16357.0,2025-02-18,16275.0,1.0,82.0,0.005025752181755548,up
2025-02-20,16344.0,2025-02-19,16357.0,1.0,-13.0,-0.0007950827610676679,down
2025-02-21,16300.0,2025-02-20,16344.0,1.0,-44.0,-0.0026957497026042308,down
2025-02-24,16303.0,2025-02-21,16300.0,3.0,3.0,0.0001840321448006641,flat
2025-02-25,16316.0,2025-02-24,16303.0,1.0,13.0,0.0007970814977947373,up
2025-02-26,16387.0,2025-02-25,16316.0,1.0,71.0,0.004342116108774968,up
2025-02-27,16431.0,2025-02-26,16387.0,1.0,44.0,0.002681456905606996,up
2025-02-28,16575.0,2025-02-27,16431.0,1.0,144.0,0.008725741602232282,up
2025-03-01,16217.0,2025-02-28,16575.0,1.0,-358.0,-0.021835461334688857,down
2025-03-02,16453.0,2025-03-01,16217.0,1.0,236.0,0.014447756667275774,up
2025-03-03,16506.0,2025-03-02,16453.0,1.0,53.0,0.0032161197659795627,up
2025-03-06,16288.0,2025-03-03,16506.0,3.0,-218.0,-0.013295310802380268,down
2025-03-07,16209.0,2025-03-06,16288.0,1.0,-79.0,-0.00486199683807386,down
2025-03-09,16424.0,2025-03-07,16209.0,2.0,215.0,0.0131770361865941,up
2025-03-10,16611.0,2025-03-09,16424.0,1.0,187.0,0.01132144679230743,up
2025-03-11,16664.0,2025-03-10,16611.0,1.0,53.0,0.0031855774497311397,up
2025-03-12,16632.0,2025-03-11,16664.0,1.0,-32.0,-0.0019221534029590186,down
2025-03-13,16428.0,2025-03-12,16632.0,1.0,-204.0,-0.0123413544613997,down
2025-03-14,16392.0,2025-03-13,16428.0,1.0,-36.0,-0.0021937851577135507,down
2025-03-17,16379.0,2025-03-14,16392.0,3.0,-13.0,-0.000793384436356109,down
2025-03-18,16432.0,2025-03-17,16379.0,1.0,53.0,0.0032306266859598973,up
2025-03-19,16528.0,2025-03-18,16432.0,1.0,96.0,0.0058252591910802455,up
2025-03-20,16481.0,2025-03-19,16528.0,1.0,-47.0,-0.0028477101252397507,down
2025-03-21,16501.0,2025-03-20,16481.0,1.0,20.0,0.0012127828786248798,up
2025-03-24,16561.0,2025-03-21,16501.0,3.0,60.0,0.0036295484766859965,up
2025-03-25,16622.0,2025-03-24,16561.0,1.0,61.0,0.003676585523480647,up
2025-03-26,16588.0,2025-03-25,16622.0,1.0,-34.0,-0.002047576746699729,down
2025-03-27,16566.0,2025-03-26,16588.0,1.0,-22.0,-0.0013271402080624634,down
2025-04-02,16365.0,2025-03-27,16566.0,6.0,-201.0,-0.012207494222928536,down
2025-04-03,16443.0,2025-04-02,16365.0,1.0,78.0,0.0047549467789451145,up
2025-04-06,16305.0,2025-04-03,16443.0,3.0,-138.0,-0.008428045490806554,down
2025-04-07,16204.0,2025-04-06,16305.0,1.0,-101.0,-0.006213683900838387,down
2025-04-08,16388.0,2025-04-07,16204.0,1.0,184.0,0.011291234344180508,up
2025-04-09,16438.0,2025-04-08,16388.0,1.0,50.0,0.0030463680416836164,up
2025-04-11,16724.0,2025-04-09,16438.0,2.0,286.0,0.017249085768010226,up
2025-04-12,16646.0,2025-04-11,16724.0,1.0,-78.0,-0.004674866170415145,down
2025-04-14,16773.0,2025-04-12,16646.0,2.0,127.0,0.00760050338871455,up
2025-04-15,16815.0,2025-04-14,16773.0,1.0,42.0,0.002500894479615035,up
2025-04-16,16845.0,2025-04-15,16815.0,1.0,30.0,0.0017825316662833468,up
2025-04-17,16833.0,2025-04-16,16845.0,1.0,-12.0,-0.0007126314215715973,down
2025-04-21,16808.0,2025-04-17,16833.0,4.0,-25.0,-0.0014862818942453567,down
2025-04-22,16862.0,2025-04-21,16808.0,1.0,54.0,0.003207605957784538,up
2025-04-23,16880.0,2025-04-22,16862.0,1.0,18.0,0.0010669196673270544,up
2025-04-24,16884.0,2025-04-23,16880.0,1.0,4.0,0.00023693875244117758,flat
2025-04-25,16829.0,2025-04-24,16884.0,1.0,-55.0,-0.003262839189316059,down
2025-04-28,16862.0,2025-04-25,16829.0,3.0,33.0,0.0019589807695475753,up
2025-04-29,16787.0,2025-04-28,16862.0,1.0,-75.0,-0.004457792160207025,down
2025-04-30,16679.0,2025-04-29,16787.0,1.0,-108.0,-0.006454334245240866,down
2025-05-02,16308.0,2025-04-30,16679.0,2.0,-371.0,-0.02249465813802913,down
2025-05-03,16371.0,2025-05-02,16308.0,1.0,63.0,0.003855691915197579,up
2025-05-05,16421.0,2025-05-03,16371.0,2.0,50.0,0.003049526637495732,up
2025-05-06,16277.0,2025-05-05,16421.0,1.0,-144.0,-0.008807935100339127,down
2025-05-08,16388.0,2025-05-06,16277.0,2.0,111.0,0.0067962912752635015,up
2025-05-11,16729.0,2025-05-08,16388.0,3.0,341.0,0.020594380664518974,up
2025-05-12,16655.0,2025-05-11,16729.0,1.0,-74.0,-0.004433268703500761,down
2025-05-14,16568.0,2025-05-12,16655.0,2.0,-87.0,-0.005237347552359896,down
2025-05-15,16535.0,2025-05-14,16568.0,1.0,-33.0,-0.001993777659526924,down
2025-05-16,16424.0,2025-05-15,16535.0,1.0,-111.0,-0.006735666717123655,down
2025-05-19,16455.0,2025-05-16,16424.0,3.0,31.0,0.001885702678670813,up
2025-05-20,16406.0,2025-05-19,16455.0,1.0,-49.0,-0.002982260814745104,down
2025-05-21,16413.0,2025-05-20,16406.0,1.0,7.0,0.00042658216924046783,flat
2025-05-22,16313.0,2025-05-21,16413.0,1.0,-100.0,-0.0061113677956329574,down
2025-05-23,16289.0,2025-05-22,16313.0,1.0,-24.0,-0.001472302578697572,down
2025-05-26,16207.0,2025-05-23,16289.0,3.0,-82.0,-0.005046785699485427,down
2025-05-27,16255.0,2025-05-26,16207.0,1.0,48.0,0.0029573060798861574,up
2025-05-28,16300.0,2025-05-27,16255.0,1.0,45.0,0.0027645540568479797,up
2025-06-01,16193.0,2025-05-28,16300.0,4.0,-107.0,-0.006586057721382919,down
2025-06-02,16330.0,2025-06-01,16193.0,1.0,137.0,0.008424856891040111,up
2025-06-03,16315.0,2025-06-02,16330.0,1.0,-15.0,-0.0009189769370897642,down
2025-06-05,16472.0,2025-06-03,16315.0,2.0,157.0,0.009577039680204274,up
2025-06-08,16379.0,2025-06-05,16472.0,3.0,-93.0,-0.0056619432252458385,down
2025-06-10,16598.0,2025-06-08,16379.0,2.0,219.0,0.013282179676013655,up
2025-06-11,16707.0,2025-06-10,16598.0,1.0,109.0,0.006545587099385098,up
2025-06-13,16293.0,2025-06-11,16707.0,2.0,-414.0,-0.025092225554823315,down
2025-06-16,16296.0,2025-06-13,16293.0,3.0,3.0,0.00018411120368684114,flat
2025-06-17,16281.0,2025-06-16,16296.0,1.0,-15.0,-0.000920895175127227,down
2025-06-18,16319.0,2025-06-17,16281.0,1.0,38.0,0.002331289399420088,up
2025-06-19,16378.0,2025-06-18,16319.0,1.0,59.0,0.00360889769919888,up
2025-06-20,16399.0,2025-06-19,16378.0,1.0,21.0,0.0012813865133121582,up
2025-06-23,16484.0,2025-06-20,16399.0,3.0,85.0,0.005169856115262405,up
2025-06-24,16370.0,2025-06-23,16484.0,1.0,-114.0,-0.00693982209352733,down
2025-06-25,16292.0,2025-06-24,16370.0,1.0,-78.0,-0.004776201596877402,down
2025-06-26,16233.0,2025-06-25,16292.0,1.0,-59.0,-0.0036279824574581955,down
2025-06-30,16231.0,2025-06-26,16233.0,4.0,-2.0,-0.00012321340577437143,flat
2025-07-01,16169.0,2025-06-30,16231.0,1.0,-62.0,-0.0038271651652559955,down
2025-07-02,16325.0,2025-07-01,16169.0,1.0,156.0,0.009601846404817179,up
2025-07-03,16336.0,2025-07-02,16325.0,1.0,11.0,0.0006735862598149018,up
2025-07-05,16533.0,2025-07-03,16336.0,2.0,197.0,0.011987122146898246,up
2025-07-07,16237.0,2025-07-05,16533.0,2.0,-296.0,-0.018065794964230643,down
2025-07-08,16312.0,2025-07-07,16237.0,1.0,75.0,0.004608444667176649,up
2025-07-10,16560.0,2025-07-08,16312.0,2.0,248.0,0.015089115684959561,up
2025-07-11,16704.0,2025-07-10,16560.0,1.0,144.0,0.008658062743114531,up
2025-07-14,16247.0,2025-07-11,16704.0,3.0,-457.0,-0.027739935352614938,down
2025-07-15,16281.0,2025-07-14,16247.0,1.0,34.0,0.002090507401764081,up
2025-07-16,16288.0,2025-07-15,16281.0,1.0,7.0,0.0004298566187348823,flat
2025-07-17,16329.0,2025-07-16,16288.0,1.0,41.0,0.002514027752060362,up
2025-07-18,16301.0,2025-07-17,16329.0,1.0,-28.0,-0.0017162124960199616,down
2025-07-21,16330.0,2025-07-18,16301.0,3.0,29.0,0.0017774513582210693,up
2025-07-22,16307.0,2025-07-21,16330.0,1.0,-23.0,-0.0014094435032336043,down
2025-07-23,16298.0,2025-07-22,16307.0,1.0,-9.0,-0.0005520625811121115,down
2025-07-24,16283.0,2025-07-23,16298.0,1.0,-15.0,-0.0009207821159448475,down
2025-07-25,16325.0,2025-07-24,16283.0,1.0,42.0,0.002576056380411602,up
2025-07-28,16341.0,2025-07-25,16325.0,3.0,16.0,0.0009796119071522906,up
2025-07-29,16399.0,2025-07-28,16341.0,1.0,58.0,0.003543070291661406,up
2025-07-30,16387.0,2025-07-29,16399.0,1.0,-12.0,-0.0007320197972215421,down
2025-07-31,16459.0,2025-07-30,16387.0,1.0,72.0,0.004384102497844064,up
2025-08-01,16201.0,2025-07-31,16459.0,1.0,-258.0,-0.015799471333649798,down
2025-08-04,16849.0,2025-08-01,16201.0,3.0,648.0,0.03921833912796701,up
2025-08-05,16497.0,2025-08-04,16849.0,1.0,-352.0,-0.021112761662460802,down
2025-08-07,16238.0,2025-08-05,16497.0,2.0,-259.0,-0.015824371753532573,down
2025-08-08,16299.0,2025-08-07,16238.0,1.0,61.0,0.0037495817972410177,up
2025-08-09,16348.0,2025-08-08,16299.0,1.0,49.0,0.003001809464535152,up
2025-08-10,16606.0,2025-08-09,16348.0,1.0,258.0,0.015658510137808057,up
2025-08-12,16688.0,2025-08-10,16606.0,2.0,82.0,0.004925822418577707,up
2025-08-13,16237.0,2025-08-12,16688.0,1.0,-451.0,-0.02739730965343929,down
2025-08-14,16109.0,2025-08-13,16237.0,1.0,-128.0,-0.007914466589148808,down
2025-08-15,16162.0,2025-08-14,16109.0,1.0,53.0,0.003284685795427456,up
2025-08-19,16241.0,2025-08-15,16162.0,4.0,79.0,0.004876101381209968,up
2025-08-20,16291.0,2025-08-19,16241.0,1.0,50.0,0.0030738988915664563,up
2025-08-21,16283.0,2025-08-20,16291.0,1.0,-8.0,-0.000491189301949098,flat
2025-08-22,16340.0,2025-08-21,16283.0,1.0,57.0,0.003494470649773557,up
2025-08-25,16255.0,2025-08-22,16340.0,3.0,-85.0,-0.005215535675988141,down
2025-08-26,16277.0,2025-08-25,16255.0,1.0,22.0,0.0013525146534924784,up
2025-08-27,16355.0,2025-08-26,16277.0,1.0,78.0,0.004780592580986007,up
2025-08-28,16356.0,2025-08-27,16355.0,1.0,1.0,6.114151204863612e-05,flat
2025-08-29,16461.0,2025-08-28,16356.0,1.0,105.0,0.006399144242552239,up
2025-09-01,16238.0,2025-08-29,16461.0,3.0,-223.0,-0.01363977230469335,down
2025-09-04,16943.0,2025-09-01,16238.0,3.0,705.0,0.04250059473571455,up
2025-09-05,16532.0,2025-09-04,16943.0,1.0,-411.0,-0.02455687252648333,down
2025-09-07,16254.0,2025-09-05,16532.0,2.0,-278.0,-0.01695886431847288,down
2025-09-09,16462.0,2025-09-07,16254.0,2.0,208.0,0.012715662219439226,up
2025-09-10,16534.0,2025-09-09,16462.0,1.0,72.0,0.004364172280031562,up
2025-09-12,16677.0,2025-09-10,16534.0,2.0,143.0,0.008611657808958166,up
2025-09-15,16405.0,2025-09-12,16677.0,3.0,-272.0,-0.016444358226377184,down
2025-09-16,16385.0,2025-09-15,16405.0,1.0,-20.0,-0.0012198842622870212,down
2025-09-17,16430.0,2025-09-16,16385.0,1.0,45.0,0.0027426498983987523,up
2025-09-18,16498.0,2025-09-17,16430.0,1.0,68.0,0.0041302293893632,up
2025-09-19,16578.0,2025-09-18,16498.0,1.0,80.0,0.004837353730794571,up
2025-09-22,16607.0,2025-09-19,16578.0,3.0,29.0,0.0017477780552814862,up
2025-09-23,16636.0,2025-09-22,16607.0,1.0,29.0,0.0017447286560492098,up
2025-09-24,16680.0,2025-09-23,16636.0,1.0,44.0,0.002641375049935534,up
2025-09-25,16752.0,2025-09-24,16680.0,1.0,72.0,0.00430725719758027,up
2025-09-26,16775.0,2025-09-25,16752.0,1.0,23.0,0.0013720287295644238,up
2025-09-29,16680.0,2025-09-26,16775.0,3.0,-95.0,-0.005679285927144771,down
2025-09-30,16692.0,2025-09-29,16680.0,1.0,12.0,0.0007191657987054193,up
2025-10-01,16194.0,2025-09-30,16692.0,1.0,-498.0,-0.030288759465383553,down
2025-10-02,16350.0,2025-10-01,16194.0,1.0,156.0,0.009587094079339805,up
2025-10-03,16326.0,2025-10-02,16350.0,1.0,-24.0,-0.001468968314098133,down
2025-10-04,16779.0,2025-10-03,16326.0,1.0,453.0,0.02736917547839647,up
2025-10-06,16276.0,2025-10-04,16779.0,2.0,-503.0,-0.030436474368117097,down
2025-10-07,16220.0,2025-10-06,16276.0,1.0,-56.0,-0.0034465814521766505,down
2025-10-09,16457.0,2025-10-07,16220.0,2.0,237.0,0.014505869925978944,up
2025-10-10,16585.0,2025-10-09,16457.0,1.0,128.0,0.007747753785770018,up
2025-10-11,16666.0,2025-10-10,16585.0,1.0,81.0,0.004872043560999307,up
2025-10-12,16688.0,2025-10-11,16666.0,1.0,22.0,0.001319182298401518,up
2025-10-13,16580.0,2025-10-12,16688.0,1.0,-108.0,-0.006492748551267702,down
2025-10-14,16577.0,2025-10-13,16580.0,1.0,-3.0,-0.00018095726441998418,flat
2025-10-15,16577.0,2025-10-14,16577.0,1.0,0.0,0.0,flat
2025-10-16,16580.0,2025-10-15,16577.0,1.0,3.0,0.00018095726441985703,flat
2025-10-17,16590.0,2025-10-16,16580.0,1.0,10.0,0.000602954495204124,up
2025-10-20,16585.0,2025-10-17,16590.0,3.0,-5.0,-0.00030143180333742475,flat
2025-10-21,16589.0,2025-10-20,16585.0,1.0,4.0,0.0002411527111222742,flat
2025-10-22,16617.0,2025-10-21,16589.0,1.0,28.0,0.0016864426089385374,up
2025-10-23,16645.0,2025-10-22,16617.0,1.0,28.0,0.001683603307911672,up
2025-10-24,16630.0,2025-10-23,16645.0,1.0,-15.0,-0.0009015778221519439,down
2025-10-27,16628.0,2025-10-24,16630.0,3.0,-2.0,-0.0001202718144453092,flat
2025-10-28,16622.0,2025-10-27,16628.0,1.0,-6.0,-0.00036090225955640444,flat
2025-10-29,16631.0,2025-10-28,16622.0,1.0,9.0,0.0005413045571682957,up
2025-10-30,16640.0,2025-10-29,16631.0,1.0,9.0,0.0005410117050596148,up
2025-10-31,16625.0,2025-10-30,16640.0,1.0,-15.0,-0.0009018488511446799,down
2025-11-02,16380.0,2025-10-31,16625.0,2.0,-245.0,-0.014846508116994473,down
2025-11-03,16430.0,2025-11-02,16380.0,1.0,50.0,0.0030478536242533358,up
2025-11-04,16805.0,2025-11-03,16430.0,1.0,375.0,0.022567529127892356,up
2025-11-06,16265.0,2025-11-04,16805.0,2.0,-540.0,-0.032660901251754214,down
2025-11-07,16221.0,2025-11-06,16265.0,1.0,-44.0,-0.0027088608573372966,down
2025-11-08,16253.0,2025-11-07,16221.0,1.0,32.0,0.0019708080530614334,up
2025-11-09,16468.0,2025-11-08,16253.0,1.0,215.0,0.013141596786619459,up
2025-11-11,16698.0,2025-11-09,16468.0,2.0,230.0,0.013869847864150377,up
2025-11-12,16668.0,2025-11-11,16698.0,1.0,-30.0,-0.0017982382116016836,down
2025-11-13,16732.0,2025-11-12,16668.0,1.0,64.0,0.003832340019745015,up
2025-11-14,16710.0,2025-11-13,16732.0,1.0,-22.0,-0.0013157109726495955,down
2025-11-17,16734.0,2025-11-14,16710.0,3.0,24.0,0.0014352352661045887,up
2025-11-18,16760.0,2025-11-17,16734.0,1.0,26.0,0.0015525171805300362,up
2025-11-19,16732.0,2025-11-18,16760.0,1.0,-28.0,-0.0016720414739849468,down
2025-11-20,16742.0,2025-11-19,16732.0,1.0,10.0,0.0005974786579126025,up
2025-11-21,16719.0,2025-11-20,16742.0,1.0,-23.0,-0.001374734982355626,down
2025-11-24,16709.0,2025-11-21,16719.0,3.0,-10.0,-0.0005983008435026098,down
2025-11-25,16667.0,2025-11-24,16709.0,1.0,-42.0,-0.0025167798519673437,down
2025-11-26,16673.0,2025-11-25,16667.0,1.0,6.0,0.00035992801828288494,flat
2025-11-27,16644.0,2025-11-26,16673.0,1.0,-29.0,-0.001740853457626943,down
2025-11-28,16661.0,2025-11-27,16644.0,1.0,17.0,0.0010208678262368586,up
2025-12-02,16364.0,2025-11-28,16661.0,4.0,-297.0,-0.01798685887977953,down
2025-12-03,16453.0,2025-12-02,16364.0,1.0,89.0,0.005424031337360812,up
2025-12-06,16237.0,2025-12-03,16453.0,3.0,-216.0,-0.013215242799535714,down
2025-12-08,16298.0,2025-12-06,16237.0,2.0,61.0,0.003749812293050681,up
2025-12-09,16391.0,2025-12-08,16298.0,1.0,93.0,0.005690002809194994,up
2025-12-11,16722.0,2025-12-09,16391.0,2.0,331.0,0.01999281402064308,up
2025-12-12,16652.0,2025-12-11,16722.0,1.0,-70.0,-0.004194888395137127,down
2025-12-15,16669.0,2025-12-12,16652.0,3.0,17.0,0.0010203776282219441,up
2025-12-16,16693.0,2025-12-15,16669.0,1.0,24.0,0.001438762912299962,up
2025-12-17,16698.0,2025-12-16,16693.0,1.0,5.0,0.0002994818985577449,flat
2025-12-18,16722.0,2025-12-17,16698.0,1.0,24.0,0.0014362659560575022,up
2025-12-19,16735.0,2025-12-18,16722.0,1.0,13.0,0.0007771169354237669,up
2025-12-22,16773.0,2025-12-19,16735.0,3.0,38.0,0.0022681160493280453,up
2025-12-23,16790.0,2025-12-22,16773.0,1.0,17.0,0.0010130203768314164,up
2025-12-24,16767.0,2025-12-23,16790.0,1.0,-23.0,-0.0013708021337787146,down
2025-12-29,16788.0,2025-12-24,16767.0,5.0,21.0,0.001251676515673578,up
2025-12-30,16782.0,2025-12-29,16788.0,1.0,-6.0,-0.00035746202346678056,flat
2025-12-31,16720.0,2025-12-30,16782.0,1.0,-62.0,-0.0037012757913221037,down
2026-01-04,17002.0,2025-12-31,16720.0,4.0,282.0,0.0167253765386115,up
2026-01-07,17961.0,2026-01-04,17002.0,3.0,959.0,0.054871756416157644,up
2026-01-09,17727.0,2026-01-07,17961.0,2.0,-234.0,-0.013113839579677492,down
2026-01-13,16875.0,2026-01-09,17727.0,4.0,-852.0,-0.04925566427305376,down
2026-01-14,16871.0,2026-01-13,16875.0,1.0,-4.0,-0.0002370651347557203,flat
2026-01-15,16880.0,2026-01-14,16871.0,1.0,9.0,0.000533317543973311,up
2026-01-19,16935.0,2026-01-15,16880.0,4.0,55.0,0.003252997101923974,up
2026-01-20,16981.0,2026-01-19,16935.0,1.0,46.0,0.0027125856944289714,up
2026-01-21,16963.0,2026-01-20,16981.0,1.0,-18.0,-0.0010605704505782883,down
2026-01-22,16902.0,2026-01-21,16963.0,1.0,-61.0,-0.003602543391295274,down
2026-01-23,16838.0,2026-01-22,16902.0,1.0,-64.0,-0.0037937212068182733,down
2026-01-26,16779.0,2026-01-23,16838.0,3.0,-59.0,-0.0035101324079116593,down
2026-01-27,16801.0,2026-01-26,16779.0,1.0,22.0,0.0013103039397048557,up
2026-01-28,16723.0,2026-01-27,16801.0,1.0,-78.0,-0.00465339104827964,down
2026-01-29,16786.0,2026-01-28,16723.0,1.0,63.0,0.003760188261649957,up
2026-01-30,16796.0,2026-01-29,16786.0,1.0,10.0,0.0005955571613109865,up
2026-02-01,16725.0,2026-01-30,16796.0,2.0,-71.0,-0.004236156807654727,down
2026-02-02,16800.0,2026-02-01,16725.0,1.0,75.0,0.004474280394921107,up
2026-02-03,16848.0,2026-02-02,16800.0,1.0,48.0,0.0028530689824064807,up
2026-02-04,17015.0,2026-02-03,16848.0,1.0,167.0,0.009863352561249377,up
2026-02-06,17863.0,2026-02-04,17015.0,2.0,848.0,0.0486362265138785,up
2026-02-07,17994.0,2026-02-06,17863.0,1.0,131.0,0.007306834528179531,up
2026-02-13,16844.0,2026-02-07,17994.0,6.0,-1150.0,-0.0660438586952457,down
2026-02-18,16884.0,2026-02-13,16844.0,5.0,40.0,0.0023719176205709443,up
2026-02-19,16925.0,2026-02-18,16884.0,1.0,41.0,0.0024253908780864403,up
2026-02-20,16885.0,2026-02-19,16925.0,1.0,-40.0,-0.002366164960807658,down
2026-02-23,16818.0,2026-02-20,16885.0,3.0,-67.0,-0.003975912426824752,down
2026-02-24,16830.0,2026-02-23,16818.0,1.0,12.0,0.0007132667920083311,up
2026-02-25,16813.0,2026-02-24,16830.0,1.0,-17.0,-0.0010106115059235032,down
2026-02-26,16758.0,2026-02-25,16813.0,1.0,-55.0,-0.003276640505696411,down
2026-02-27,16779.0,2026-02-26,16758.0,1.0,21.0,0.0012523483164658734,up
2026-03-02,16777.0,2026-02-27,16779.0,3.0,-2.0,-0.00011920371929723686,flat
2026-03-03,16870.0,2026-03-02,16777.0,1.0,93.0,0.005527995769613499,up
2026-03-06,17931.0,2026-03-03,16870.0,3.0,1061.0,0.060994161952349885,up
2026-03-07,17960.0,2026-03-06,17931.0,1.0,29.0,0.0016160043638267605,up
2026-03-08,17991.0,2026-03-07,17960.0,1.0,31.0,0.0017245699804289082,up
2026-03-13,16934.0,2026-03-08,17991.0,5.0,-1057.0,-0.06054819763439696,down
2026-03-16,16990.0,2026-03-13,16934.0,3.0,56.0,0.003301500463755235,up
2026-03-17,16982.0,2026-03-16,16990.0,1.0,-8.0,-0.0004709761066690137,flat
2026-03-25,16905.0,2026-03-17,16982.0,8.0,-77.0,-0.0045445234173224,down
2026-03-26,16903.0,2026-03-25,16905.0,1.0,-2.0,-0.0001183151918085847,flat
2026-03-27,16957.0,2026-03-26,16903.0,1.0,54.0,0.0031896069569496486,up
2026-03-30,16993.0,2026-03-27,16957.0,3.0,36.0,0.0021207666269780216,up
2026-03-31,16999.0,2026-03-30,16993.0,1.0,6.0,0.00035302424466430093,flat
2026-04-02,16775.0,2026-03-31,16999.0,2.0,-224.0,-0.013264835938887196,down
2026-04-03,16911.0,2026-04-02,16775.0,1.0,136.0,0.008074614909802205,up
2026-04-05,17368.0,2026-04-03,16911.0,2.0,457.0,0.026665134808442986,up
2026-04-06,18039.0,2026-04-05,17368.0,1.0,671.0,0.03790664814955058,up
2026-04-08,18037.0,2026-04-06,18039.0,2.0,-2.0,-0.00011087703747914758,flat
2026-04-13,17122.0,2026-04-08,18037.0,5.0,-915.0,-0.052061017367768234,down
2026-04-14,17135.0,2026-04-13,17122.0,1.0,13.0,0.0007589690062782771,up
2026-04-15,17141.0,2026-04-14,17135.0,1.0,6.0,0.00035009919834785906,flat
2026-04-16,17142.0,2026-04-15,17141.0,1.0,1.0,5.8337951770958827e-05,flat
2026-04-17,17189.0,2026-04-16,17142.0,1.0,47.0,0.0027380518693288576,up
2026-04-20,17176.0,2026-04-17,17189.0,3.0,-13.0,-0.000756583769539966,down
2026-04-21,17142.0,2026-04-20,17176.0,1.0,-34.0,-0.001981468099788872,down
2026-04-22,17179.0,2026-04-21,17142.0,1.0,37.0,0.002156115167617463,up
2026-04-23,17308.0,2026-04-22,17179.0,1.0,129.0,0.00748111471832989,up
2026-04-24,17278.0,2026-04-23,17308.0,1.0,-30.0,-0.0017348064259459395,down
2026-04-27,17227.0,2026-04-24,17278.0,3.0,-51.0,-0.0029560954724603206,down
2026-04-28,17245.0,2026-04-27,17227.0,1.0,18.0,0.0010443259245721825,up
2026-04-29,17324.0,2026-04-28,17245.0,1.0,79.0,0.004570576963575927,up
2026-04-30,17378.0,2026-04-29,17324.0,1.0,54.0,0.0031122150646340926,up
2026-05-01,16748.0,2026-04-30,17378.0,1.0,-630.0,-0.036926190260117356,down
2026-05-02,16826.0,2026-05-01,16748.0,1.0,78.0,0.004646460971724837,up
2026-05-03,16886.0,2026-05-02,16826.0,1.0,60.0,0.0035595671186863832,up
2026-05-05,17425.0,2026-05-03,16886.0,2.0,539.0,0.03142108039927936,up
2026-05-06,18039.0,2026-05-05,17425.0,1.0,614.0,0.03463012407895366,up
2026-05-08,17937.0,2026-05-06,18039.0,2.0,-102.0,-0.005670462158664237,down
2026-05-13,17496.0,2026-05-08,17937.0,5.0,-441.0,-0.024893335192410323,down
2026-05-18,17666.0,2026-05-13,17496.0,5.0,170.0,0.009669604948473711,up
2026-05-19,17719.0,2026-05-18,17666.0,1.0,53.0,0.0029956218529918754,up
2026-05-20,17685.0,2026-05-19,17719.0,1.0,-34.0,-0.001920687518488335,down
2026-05-21,17673.0,2026-05-20,17685.0,1.0,-12.0,-0.0006787714497839689,down
2026-05-22,17717.0,2026-05-21,17673.0,1.0,44.0,0.002486579410640397,up
2026-05-25,17743.0,2026-05-22,17717.0,3.0,26.0,0.0014664413231419372,up
2026-05-26,17789.0,2026-05-25,17743.0,1.0,46.0,0.0025892168016902885,up
2026-05-29,17883.0,2026-05-26,17789.0,3.0,94.0,0.0052702521627664865,up
2026-06-01,16762.0,2026-05-29,17883.0,3.0,-1121.0,-0.06473612122918475,down
2026-06-02,16887.0,2026-06-01,16762.0,1.0,125.0,0.007429675473284849,up
2026-06-03,16919.0,2026-06-02,16887.0,1.0,32.0,0.001893155626659959,up
2026-06-04,17037.0,2026-06-03,16919.0,1.0,118.0,0.006950198786745821,up
2026-06-05,17405.0,2026-06-04,17037.0,1.0,368.0,0.021370071699996992,up
2026-06-07,17999.0,2026-06-05,17405.0,2.0,594.0,0.03355867953393992,up
2026-06-08,17919.0,2026-06-07,17999.0,1.0,-80.0,-0.004454598379063465,down
2026-06-15,17719.0,2026-06-08,17919.0,7.0,-200.0,-0.011224092242346377,down
2026-06-17,17753.0,2026-06-15,17719.0,2.0,34.0,0.0019170055487282786,up
2026-06-18,17826.0,2026-06-17,17753.0,1.0,73.0,0.004103549983865061,up
2026-06-19,17826.0,2026-06-18,17826.0,1.0,0.0,0.0,flat
2026-06-22,17819.0,2026-06-19,17826.0,3.0,-7.0,-0.00039276196324793887,flat
2026-06-23,17868.0,2026-06-22,17819.0,1.0,49.0,0.0027460997445944713,up
2026-06-24,17955.0,2026-06-23,17868.0,1.0,87.0,0.0048572241881738665,up
2026-06-25,17942.0,2026-06-24,17955.0,1.0,-13.0,-0.0007242945409543782,down
2026-06-26,17962.0,2026-06-25,17942.0,1.0,20.0,0.001114082111666195,up
2026-06-29,17856.0,2026-06-26,17962.0,3.0,-106.0,-0.005918829049857528,down
2026-06-30,17899.0,2026-06-29,17856.0,1.0,43.0,0.0024052591654625433,up
2026-07-01,16785.0,2026-06-30,17899.0,1.0,-1114.0,-0.06425921493236463,down
2026-07-04,17092.0,2026-07-01,16785.0,3.0,307.0,0.018124887349780204,up
2026-07-05,17362.0,2026-07-04,17092.0,1.0,270.0,0.015673392187837688,up
2026-07-07,17988.0,2026-07-05,17362.0,2.0,626.0,0.03542095893884479,up
2026-07-08,17913.0,2026-07-07,17988.0,1.0,-75.0,-0.004178162675495899,down
2026-07-13,18131.0,2026-07-08,17913.0,5.0,218.0,0.012096474210706571,up
2026-07-14,18099.0,2026-07-13,18131.0,1.0,-32.0,-0.0017664923169373535,down
2026-07-15,18064.0,2026-07-14,18099.0,1.0,-35.0,-0.0019356807194281982,down
2026-07-16,18041.0,2026-07-15,18064.0,1.0,-23.0,-0.001274061936640279,down
2026-07-17,17944.0,2026-07-16,18041.0,1.0,-97.0,-0.00539114825275876,down
2026-07-20,17976.0,2026-07-17,17944.0,3.0,32.0,0.0017817376651209436,up
2026-07-21,17909.0,2026-07-20,17976.0,1.0,-67.0,-0.0037341550984257422,down
2026-07-22,17909.0,2026-07-21,17909.0,1.0,0.0,0.0,flat
2026-07-23,17915.0,2026-07-22,17909.0,1.0,6.0,0.00033497097231486016,flat
2026-07-24,17973.0,2026-07-23,17915.0,1.0,58.0,0.0032322810129803204,up
2026-07-27,17995.0,2026-07-24,17973.0,3.0,22.0,0.0012233097610964716,up
2026-07-28,18088.0,2026-07-27,17995.0,1.0,93.0,0.0051547934446746655,up
2026-07-29,18087.0,2026-07-28,18088.0,1.0,-1.0,-5.528680029046967e-05,flat
2026-07-30,18078.0,2026-07-29,18087.0,1.0,-9.0,-0.0004977187991589985,flat
2026-07-31,18058.0,2026-07-30,18078.0,1.0,-20.0,-0.0011069294909317221,down
2026-08-01,16801.0,2026-07-31,18058.0,1.0,-1257.0,-0.07215039143802207,down
2026-08-04,17009.0,2026-08-01,16801.0,3.0,208.0,0.012304207284689178,up
2026-08-05,17375.0,2026-08-04,17009.0,1.0,366.0,0.02128977571890118,up
2026-08-06,18171.0,2026-08-05,17375.0,1.0,796.0,0.04479452521606393,up
2026-08-07,18005.0,2026-08-06,18171.0,1.0,-166.0,-0.00917741956608131,down
2026-08-13,17882.0,2026-08-07,18005.0,6.0,-123.0,-0.006854876787712256,down
2026-08-14,17836.0,2026-08-13,17882.0,1.0,-46.0,-0.0025757335478961197,down
2026-08-18,17856.0,2026-08-14,17836.0,4.0,20.0,0.0011206994336702698,up
2026-08-19,17844.0,2026-08-18,17856.0,1.0,-12.0,-0.0006722689328821566,down
2026-08-20,17779.0,2026-08-19,17844.0,1.0,-65.0,-0.003649331731583732,down
2026-08-21,17705.0,2026-08-20,17779.0,1.0,-74.0,-0.004170899970567494,down
2026-08-24,17703.0,2026-08-21,17705.0,3.0,-2.0,-0.0001129688207256574,flat
2026-08-26,17717.0,2026-08-24,17703.0,2.0,14.0,0.0007905138751589766,up
2026-08-27,17762.0,2026-08-26,17717.0,1.0,45.0,0.002536713218011985,up
2026-08-28,17703.0,2026-08-27,17762.0,1.0,-59.0,-0.0033272270931709903,down
2026-08-31,17746.0,2026-08-28,17703.0,3.0,43.0,0.002426021670004689,up
2026-09-01,16834.0,2026-08-31,17746.0,1.0,-912.0,-0.05275948762376173,down
