NO;Tanggal;Kurs
1;9/10/2026 12:00:00 AM;17536
2;9/9/2026 12:00:00 AM;17552
3;9/8/2026 12:00:00 AM;17618
4;9/7/2026 12:00:00 AM;17653
5;9/4/2026 12:00:00 AM;17636
6;9/3/2026 12:00:00 AM;17689
7;9/2/2026 12:00:00 AM;17770
8;9/1/2026 12:00:00 AM;17727
9;8/31/2026 12:00:00 AM;17746
10;8/28/2026 12:00:00 AM;17703
11;8/27/2026 12:00:00 AM;17762
12;8/26/2026 12:00:00 AM;17717
13;8/24/2026 12:00:00 AM;17703
14;8/21/2026 12:00:00 AM;17705
15;8/20/2026 12:00:00 AM;17779
16;8/19/2026 12:00:00 AM;17844
17;8/18/2026 12:00:00 AM;17856
18;8/14/2026 12:00:00 AM;17836
19;8/13/2026 12:00:00 AM;17882
20;8/12/2026 12:00:00 AM;17876
21;8/11/2026 12:00:00 AM;17824
22;8/10/2026 12:00:00 AM;17795
23;8/7/2026 12:00:00 AM;17913
24;8/6/2026 12:00:00 AM;17919
25;8/5/2026 12:00:00 AM;17937
26;8/4/2026 12:00:00 AM;18037
27;8/3/2026 12:00:00 AM;17991
28;7/31/2026 12:00:00 AM;18058
29;7/30/2026 12:00:00 AM;18078
30;7/29/2026 12:00:00 AM;18087
31;7/28/2026 12:00:00 AM;18088
32;7/27/2026 12:00:00 AM;17995
33;7/24/2026 12:00:00 AM;17973
34;7/23/2026 12:00:00 AM;17915
35;7/22/2026 12:00:00 AM;17909
36;7/21/2026 12:00:00 AM;17909
37;7/20/2026 12:00:00 AM;17976
38;7/17/2026 12:00:00 AM;17944
39;7/16/2026 12:00:00 AM;18041
40;7/15/2026 12:00:00 AM;18064
41;7/14/2026 12:00:00 AM;18099
42;7/13/2026 12:00:00 AM;18131
43;7/10/2026 12:00:00 AM;18069
44;7/9/2026 12:00:00 AM;18090
45;7/8/2026 12:00:00 AM;18005
46;7/7/2026 12:00:00 AM;17988
47;7/6/2026 12:00:00 AM;17999
48;7/3/2026 12:00:00 AM;17960
49;7/2/2026 12:00:00 AM;17994
50;7/1/2026 12:00:00 AM;17961
51;6/30/2026 12:00:00 AM;17899
52;6/29/2026 12:00:00 AM;17856
53;6/26/2026 12:00:00 AM;17962
54;6/25/2026 12:00:00 AM;17942
55;6/24/2026 12:00:00 AM;17955
56;6/23/2026 12:00:00 AM;17868
57;6/22/2026 12:00:00 AM;17819
58;6/19/2026 12:00:00 AM;17826
59;6/18/2026 12:00:00 AM;17826
60;6/17/2026 12:00:00 AM;17753
61;6/15/2026 12:00:00 AM;17719
62;6/12/2026 12:00:00 AM;17921
63;6/11/2026 12:00:00 AM;17981
64;6/10/2026 12:00:00 AM;17971
65;6/9/2026 12:00:00 AM;18141
66;6/8/2026 12:00:00 AM;18171
67;6/5/2026 12:00:00 AM;18039
68;6/4/2026 12:00:00 AM;18039
69;6/3/2026 12:00:00 AM;17931
70;6/2/2026 12:00:00 AM;17863
71;5/29/2026 12:00:00 AM;17883
72;5/26/2026 12:00:00 AM;17789
73;5/25/2026 12:00:00 AM;17743
74;5/22/2026 12:00:00 AM;17717
75;5/21/2026 12:00:00 AM;17673
76;5/20/2026 12:00:00 AM;17685
77;5/19/2026 12:00:00 AM;17719
78;5/18/2026 12:00:00 AM;17666
79;5/13/2026 12:00:00 AM;17496
80;5/12/2026 12:00:00 AM;17514
81;5/11/2026 12:00:00 AM;17415
82;5/8/2026 12:00:00 AM;17375
83;5/7/2026 12:00:00 AM;17362
84;5/6/2026 12:00:00 AM;17405
85;5/5/2026 12:00:00 AM;17425
86;5/4/2026 12:00:00 AM;17368
87;4/30/2026 12:00:00 AM;17378
88;4/29/2026 12:00:00 AM;17324
89;4/28/2026 12:00:00 AM;17245
90;4/27/2026 12:00:00 AM;17227
91;4/24/2026 12:00:00 AM;17278
92;4/23/2026 12:00:00 AM;17308
93;4/22/2026 12:00:00 AM;17179
94;4/21/2026 12:00:00 AM;17142
95;4/20/2026 12:00:00 AM;17176
96;4/17/2026 12:00:00 AM;17189
97;4/16/2026 12:00:00 AM;17142
98;4/15/2026 12:00:00 AM;17141
99;4/14/2026 12:00:00 AM;17135
100;4/13/2026 12:00:00 AM;17122
101;4/10/2026 12:00:00 AM;17112
102;4/9/2026 12:00:00 AM;17082
103;4/8/2026 12:00:00 AM;17009
104;4/7/2026 12:00:00 AM;17092
105;4/6/2026 12:00:00 AM;17037
106;4/2/2026 12:00:00 AM;17015
107;4/1/2026 12:00:00 AM;17002
108;3/31/2026 12:00:00 AM;16999
109;3/30/2026 12:00:00 AM;16993
110;3/27/2026 12:00:00 AM;16957
111;3/26/2026 12:00:00 AM;16903
112;3/25/2026 12:00:00 AM;16905
113;3/17/2026 12:00:00 AM;16982
114;3/16/2026 12:00:00 AM;16990
115;3/13/2026 12:00:00 AM;16934
116;3/12/2026 12:00:00 AM;16899
117;3/11/2026 12:00:00 AM;16867
118;3/10/2026 12:00:00 AM;16879
119;3/9/2026 12:00:00 AM;16974
120;3/6/2026 12:00:00 AM;16919
121;3/5/2026 12:00:00 AM;16886
122;3/4/2026 12:00:00 AM;16911
123;3/3/2026 12:00:00 AM;16870
124;3/2/2026 12:00:00 AM;16848
125;2/27/2026 12:00:00 AM;16779
126;2/26/2026 12:00:00 AM;16758
127;2/25/2026 12:00:00 AM;16813
128;2/24/2026 12:00:00 AM;16830
129;2/23/2026 12:00:00 AM;16818
130;2/20/2026 12:00:00 AM;16885
131;2/19/2026 12:00:00 AM;16925
132;2/18/2026 12:00:00 AM;16884
133;2/13/2026 12:00:00 AM;16844
134;2/12/2026 12:00:00 AM;16826
135;2/11/2026 12:00:00 AM;16781
136;2/10/2026 12:00:00 AM;16799
137;2/9/2026 12:00:00 AM;16838
138;2/6/2026 12:00:00 AM;16887
139;2/5/2026 12:00:00 AM;16826
140;2/4/2026 12:00:00 AM;16775
141;2/3/2026 12:00:00 AM;16777
142;2/2/2026 12:00:00 AM;16800
143;1/30/2026 12:00:00 AM;16796
144;1/29/2026 12:00:00 AM;16786
145;1/28/2026 12:00:00 AM;16723
146;1/27/2026 12:00:00 AM;16801
147;1/26/2026 12:00:00 AM;16779
148;1/23/2026 12:00:00 AM;16838
149;1/22/2026 12:00:00 AM;16902
150;1/21/2026 12:00:00 AM;16963
151;1/20/2026 12:00:00 AM;16981
152;1/19/2026 12:00:00 AM;16935
153;1/15/2026 12:00:00 AM;16880
154;1/14/2026 12:00:00 AM;16871
155;1/13/2026 12:00:00 AM;16875
156;1/12/2026 12:00:00 AM;16853
157;1/9/2026 12:00:00 AM;16834
158;1/8/2026 12:00:00 AM;16801
159;1/7/2026 12:00:00 AM;16785
160;1/6/2026 12:00:00 AM;16762
161;1/5/2026 12:00:00 AM;16748
162;1/2/2026 12:00:00 AM;16725
163;12/31/2025 12:00:00 AM;16720
164;12/30/2025 12:00:00 AM;16782
165;12/29/2025 12:00:00 AM;16788
166;12/24/2025 12:00:00 AM;16767
167;12/23/2025 12:00:00 AM;16790
168;12/22/2025 12:00:00 AM;16773
169;12/19/2025 12:00:00 AM;16735
170;12/18/2025 12:00:00 AM;16722
171;12/17/2025 12:00:00 AM;16698
172;12/16/2025 12:00:00 AM;16693
173;12/15/2025 12:00:00 AM;16669
174;12/12/2025 12:00:00 AM;16652
175;12/11/2025 12:00:00 AM;16668
176;12/10/2025 12:00:00 AM;16688
177;12/9/2025 12:00:00 AM;16677
178;12/8/2025 12:00:00 AM;16688
179;12/5/2025 12:00:00 AM;16655
180;12/4/2025 12:00:00 AM;16646
181;12/3/2025 12:00:00 AM;16632
182;12/2/2025 12:00:00 AM;16632
183;12/1/2025 12:00:00 AM;16668
184;11/28/2025 12:00:00 AM;16661
185;11/27/2025 12:00:00 AM;16644
186;11/26/2025 12:00:00 AM;16673
187;11/25/2025 12:00:00 AM;16667
188;11/24/2025 12:00:00 AM;16709
189;11/21/2025 12:00:00 AM;16719
190;11/20/2025 12:00:00 AM;16742
191;11/19/2025 12:00:00 AM;16732
192;11/18/2025 12:00:00 AM;16760
193;11/17/2025 12:00:00 AM;16734
194;11/14/2025 12:00:00 AM;16710
195;11/13/2025 12:00:00 AM;16732
196;11/12/2025 12:00:00 AM;16722
197;11/11/2025 12:00:00 AM;16698
198;11/10/2025 12:00:00 AM;16666
199;11/7/2025 12:00:00 AM;16704
200;11/6/2025 12:00:00 AM;16707
201;11/5/2025 12:00:00 AM;16729
202;11/4/2025 12:00:00 AM;16724
203;11/3/2025 12:00:00 AM;16664
204;10/31/2025 12:00:00 AM;16625
205;10/30/2025 12:00:00 AM;16640
206;10/29/2025 12:00:00 AM;16631
207;10/28/2025 12:00:00 AM;16622
208;10/27/2025 12:00:00 AM;16628
209;10/24/2025 12:00:00 AM;16630
210;10/23/2025 12:00:00 AM;16645
211;10/22/2025 12:00:00 AM;16617
212;10/21/2025 12:00:00 AM;16589
213;10/20/2025 12:00:00 AM;16585
214;10/17/2025 12:00:00 AM;16590
215;10/16/2025 12:00:00 AM;16580
216;10/15/2025 12:00:00 AM;16577
217;10/14/2025 12:00:00 AM;16577
218;10/13/2025 12:00:00 AM;16580
219;10/10/2025 12:00:00 AM;16585
220;10/9/2025 12:00:00 AM;16534
221;10/8/2025 12:00:00 AM;16606
222;10/7/2025 12:00:00 AM;16560
223;10/6/2025 12:00:00 AM;16598
224;10/3/2025 12:00:00 AM;16611
225;10/2/2025 12:00:00 AM;16612
226;10/1/2025 12:00:00 AM;16680
227;9/30/2025 12:00:00 AM;16692
228;9/29/2025 12:00:00 AM;16680
229;9/26/2025 12:00:00 AM;16775
230;9/25/2025 12:00:00 AM;16752
231;9/24/2025 12:00:00 AM;16680
232;9/23/2025 12:00:00 AM;16636
233;9/22/2025 12:00:00 AM;16607
234;9/19/2025 12:00:00 AM;16578
235;9/18/2025 12:00:00 AM;16498
236;9/17/2025 12:00:00 AM;16430
237;9/16/2025 12:00:00 AM;16385
238;9/15/2025 12:00:00 AM;16405
239;9/12/2025 12:00:00 AM;16391
240;9/11/2025 12:00:00 AM;16468
241;9/10/2025 12:00:00 AM;16457
242;9/9/2025 12:00:00 AM;16462
243;9/8/2025 12:00:00 AM;16348
244;9/4/2025 12:00:00 AM;16438
245;9/3/2025 12:00:00 AM;16424
246;9/2/2025 12:00:00 AM;16418
247;9/1/2025 12:00:00 AM;16463
248;8/29/2025 12:00:00 AM;16461
249;8/28/2025 12:00:00 AM;16356
250;8/27/2025 12:00:00 AM;16355
251;8/26/2025 12:00:00 AM;16277
252;8/25/2025 12:00:00 AM;16255
253;8/22/2025 12:00:00 AM;16340
254;8/21/2025 12:00:00 AM;16283
255;8/20/2025 12:00:00 AM;16291
256;8/19/2025 12:00:00 AM;16241
257;8/15/2025 12:00:00 AM;16162
258;8/14/2025 12:00:00 AM;16109
259;8/13/2025 12:00:00 AM;16237
260;8/12/2025 12:00:00 AM;16298
261;8/11/2025 12:00:00 AM;16253
262;8/8/2025 12:00:00 AM;16299
263;8/7/2025 12:00:00 AM;16312
264;8/6/2025 12:00:00 AM;16379
265;8/5/2025 12:00:00 AM;16388
266;8/4/2025 12:00:00 AM;16388
267;8/1/2025 12:00:00 AM;16494
268;7/31/2025 12:00:00 AM;16459
269;7/30/2025 12:00:00 AM;16387
270;7/29/2025 12:00:00 AM;16399
271;7/28/2025 12:00:00 AM;16341
272;7/25/2025 12:00:00 AM;16325
273;7/24/2025 12:00:00 AM;16283
274;7/23/2025 12:00:00 AM;16298
275;7/22/2025 12:00:00 AM;16307
276;7/21/2025 12:00:00 AM;16330
277;7/18/2025 12:00:00 AM;16301
278;7/17/2025 12:00:00 AM;16329
279;7/16/2025 12:00:00 AM;16288
280;7/15/2025 12:00:00 AM;16281
281;7/14/2025 12:00:00 AM;16247
282;7/11/2025 12:00:00 AM;16221
283;7/10/2025 12:00:00 AM;16220
284;7/9/2025 12:00:00 AM;16254
285;7/8/2025 12:00:00 AM;16238
286;7/7/2025 12:00:00 AM;16237
287;7/4/2025 12:00:00 AM;16204
288;7/3/2025 12:00:00 AM;16209
289;7/2/2025 12:00:00 AM;16236
290;7/1/2025 12:00:00 AM;16192
291;6/30/2025 12:00:00 AM;16231
292;6/26/2025 12:00:00 AM;16233
293;6/25/2025 12:00:00 AM;16292
294;6/24/2025 12:00:00 AM;16370
295;6/23/2025 12:00:00 AM;16484
296;6/20/2025 12:00:00 AM;16399
297;6/19/2025 12:00:00 AM;16378
298;6/18/2025 12:00:00 AM;16319
299;6/17/2025 12:00:00 AM;16281
300;6/16/2025 12:00:00 AM;16296
301;6/13/2025 12:00:00 AM;16293
302;6/12/2025 12:00:00 AM;16237
303;6/11/2025 12:00:00 AM;16265
304;6/10/2025 12:00:00 AM;16276
305;6/5/2025 12:00:00 AM;16277
306;6/4/2025 12:00:00 AM;16305
307;6/3/2025 12:00:00 AM;16288
308;6/2/2025 12:00:00 AM;16297
309;5/28/2025 12:00:00 AM;16300
310;5/27/2025 12:00:00 AM;16255
311;5/26/2025 12:00:00 AM;16207
312;5/23/2025 12:00:00 AM;16289
313;5/22/2025 12:00:00 AM;16313
314;5/21/2025 12:00:00 AM;16413
315;5/20/2025 12:00:00 AM;16406
316;5/19/2025 12:00:00 AM;16455
317;5/16/2025 12:00:00 AM;16424
318;5/15/2025 12:00:00 AM;16535
319;5/14/2025 12:00:00 AM;16568
320;5/9/2025 12:00:00 AM;16532
321;5/8/2025 12:00:00 AM;16497
322;5/7/2025 12:00:00 AM;16533
323;5/6/2025 12:00:00 AM;16472
324;5/5/2025 12:00:00 AM;16421
325;5/2/2025 12:00:00 AM;16493
326;4/30/2025 12:00:00 AM;16679
327;4/29/2025 12:00:00 AM;16787
328;4/28/2025 12:00:00 AM;16862
329;4/25/2025 12:00:00 AM;16829
330;4/24/2025 12:00:00 AM;16884
331;4/23/2025 12:00:00 AM;16880
332;4/22/2025 12:00:00 AM;16862
333;4/21/2025 12:00:00 AM;16808
334;4/17/2025 12:00:00 AM;16833
335;4/16/2025 12:00:00 AM;16845
336;4/15/2025 12:00:00 AM;16815
337;4/14/2025 12:00:00 AM;16773
338;4/11/2025 12:00:00 AM;16805
339;4/10/2025 12:00:00 AM;16779
340;4/9/2025 12:00:00 AM;16943
341;4/8/2025 12:00:00 AM;16849
342;3/27/2025 12:00:00 AM;16566
343;3/26/2025 12:00:00 AM;16588
344;3/25/2025 12:00:00 AM;16622
345;3/24/2025 12:00:00 AM;16561
346;3/21/2025 12:00:00 AM;16501
347;3/20/2025 12:00:00 AM;16481
348;3/19/2025 12:00:00 AM;16528
349;3/18/2025 12:00:00 AM;16432
350;3/17/2025 12:00:00 AM;16379
351;3/14/2025 12:00:00 AM;16392
352;3/13/2025 12:00:00 AM;16428
353;3/12/2025 12:00:00 AM;16453
354;3/11/2025 12:00:00 AM;16430
355;3/10/2025 12:00:00 AM;16326
356;3/7/2025 12:00:00 AM;16336
357;3/6/2025 12:00:00 AM;16315
358;3/5/2025 12:00:00 AM;16371
359;3/4/2025 12:00:00 AM;16443
360;3/3/2025 12:00:00 AM;16506
361;2/28/2025 12:00:00 AM;16575
362;2/27/2025 12:00:00 AM;16431
363;2/26/2025 12:00:00 AM;16387
364;2/25/2025 12:00:00 AM;16316
365;2/24/2025 12:00:00 AM;16303
366;2/21/2025 12:00:00 AM;16300
367;2/20/2025 12:00:00 AM;16344
368;2/19/2025 12:00:00 AM;16357
369;2/18/2025 12:00:00 AM;16275
370;2/17/2025 12:00:00 AM;16208
371;2/14/2025 12:00:00 AM;16285
372;2/13/2025 12:00:00 AM;16365
373;2/12/2025 12:00:00 AM;16364
374;2/11/2025 12:00:00 AM;16380
375;2/10/2025 12:00:00 AM;16350
376;2/7/2025 12:00:00 AM;16325
377;2/6/2025 12:00:00 AM;16330
378;2/5/2025 12:00:00 AM;16308
379;2/4/2025 12:00:00 AM;16365
380;2/3/2025 12:00:00 AM;16453
381;1/31/2025 12:00:00 AM;16312
382;1/30/2025 12:00:00 AM;16259
383;1/24/2025 12:00:00 AM;16200
384;1/23/2025 12:00:00 AM;16276
385;1/22/2025 12:00:00 AM;16327
386;1/21/2025 12:00:00 AM;16331
387;1/20/2025 12:00:00 AM;16372
388;1/17/2025 12:00:00 AM;16373
389;1/16/2025 12:00:00 AM;16378
390;1/15/2025 12:00:00 AM;16311
391;1/14/2025 12:00:00 AM;16265
392;1/13/2025 12:00:00 AM;16281
393;1/10/2025 12:00:00 AM;16194
394;1/9/2025 12:00:00 AM;16238
395;1/8/2025 12:00:00 AM;16201
396;1/7/2025 12:00:00 AM;16169
397;1/6/2025 12:00:00 AM;16193
398;1/3/2025 12:00:00 AM;16217
399;1/2/2025 12:00:00 AM;16236
400;12/31/2024 12:00:00 AM;16157
401;12/30/2024 12:00:00 AM;16162
402;12/27/2024 12:00:00 AM;16251
403;12/24/2024 12:00:00 AM;16208
404;12/23/2024 12:00:00 AM;16159
405;12/20/2024 12:00:00 AM;16270
406;12/19/2024 12:00:00 AM;16277
407;12/18/2024 12:00:00 AM;16100
408;12/17/2024 12:00:00 AM;16050
409;12/16/2024 12:00:00 AM;16019
410;12/13/2024 12:00:00 AM;15987
411;12/12/2024 12:00:00 AM;15939
412;12/11/2024 12:00:00 AM;15905
413;12/10/2024 12:00:00 AM;15874
414;12/9/2024 12:00:00 AM;15861
415;12/6/2024 12:00:00 AM;15848
416;12/5/2024 12:00:00 AM;15892
417;12/4/2024 12:00:00 AM;15957
418;12/3/2024 12:00:00 AM;15950
419;12/2/2024 12:00:00 AM;15905
420;11/29/2024 12:00:00 AM;15856
421;11/28/2024 12:00:00 AM;15864
422;11/26/2024 12:00:00 AM;15930
423;11/25/2024 12:00:00 AM;15864
424;11/22/2024 12:00:00 AM;15911
425;11/21/2024 12:00:00 AM;15942
426;11/20/2024 12:00:00 AM;15858
427;11/19/2024 12:00:00 AM;15816
428;11/18/2024 12:00:00 AM;15848
429;11/15/2024 12:00:00 AM;15888
430;11/14/2024 12:00:00 AM;15873
431;11/13/2024 12:00:00 AM;15782
432;11/12/2024 12:00:00 AM;15771
433;11/11/2024 12:00:00 AM;15677
434;11/8/2024 12:00:00 AM;15671
435;11/7/2024 12:00:00 AM;15767
436;11/6/2024 12:00:00 AM;15840
437;11/5/2024 12:00:00 AM;15766
438;11/4/2024 12:00:00 AM;15751
439;11/1/2024 12:00:00 AM;15723
440;10/31/2024 12:00:00 AM;15705
441;10/30/2024 12:00:00 AM;15732
442;10/29/2024 12:00:00 AM;15760
443;10/28/2024 12:00:00 AM;15729
444;10/25/2024 12:00:00 AM;15629
445;10/24/2024 12:00:00 AM;15593
446;10/23/2024 12:00:00 AM;15620
447;10/22/2024 12:00:00 AM;15560
448;10/21/2024 12:00:00 AM;15465
449;10/18/2024 12:00:00 AM;15466
450;10/17/2024 12:00:00 AM;15516
451;10/16/2024 12:00:00 AM;15536
452;10/15/2024 12:00:00 AM;15555
453;10/14/2024 12:00:00 AM;15581
454;10/11/2024 12:00:00 AM;15609
455;10/10/2024 12:00:00 AM;15658
456;10/9/2024 12:00:00 AM;15607
457;10/8/2024 12:00:00 AM;15671
458;10/7/2024 12:00:00 AM;15680
459;10/4/2024 12:00:00 AM;15495
460;10/3/2024 12:00:00 AM;15394
461;10/2/2024 12:00:00 AM;15247
462;10/1/2024 12:00:00 AM;15204
463;9/30/2024 12:00:00 AM;15144
464;9/27/2024 12:00:00 AM;15138
465;9/26/2024 12:00:00 AM;15171
466;9/25/2024 12:00:00 AM;15092
467;9/24/2024 12:00:00 AM;15186
468;9/23/2024 12:00:00 AM;15191
469;9/20/2024 12:00:00 AM;15100
470;9/19/2024 12:00:00 AM;15287
471;9/18/2024 12:00:00 AM;15350
472;9/17/2024 12:00:00 AM;15338
473;9/13/2024 12:00:00 AM;15405
474;9/12/2024 12:00:00 AM;15421
475;9/11/2024 12:00:00 AM;15415
476;9/10/2024 12:00:00 AM;15447
477;9/9/2024 12:00:00 AM;15446
478;9/6/2024 12:00:00 AM;15372
479;9/5/2024 12:00:00 AM;15410
480;9/4/2024 12:00:00 AM;15490
481;9/3/2024 12:00:00 AM;15557
482;9/2/2024 12:00:00 AM;15536
483;8/30/2024 12:00:00 AM;15473
484;8/29/2024 12:00:00 AM;15409
485;8/28/2024 12:00:00 AM;15476
486;8/27/2024 12:00:00 AM;15509
487;8/26/2024 12:00:00 AM;15380
488;8/23/2024 12:00:00 AM;15554
489;8/22/2024 12:00:00 AM;15579
490;8/21/2024 12:00:00 AM;15456
491;8/20/2024 12:00:00 AM;15480
492;8/19/2024 12:00:00 AM;15591
493;8/16/2024 12:00:00 AM;15716
494;8/15/2024 12:00:00 AM;15687
495;8/14/2024 12:00:00 AM;15691
496;8/13/2024 12:00:00 AM;15885
497;8/12/2024 12:00:00 AM;15963
498;8/9/2024 12:00:00 AM;15914
499;8/8/2024 12:00:00 AM;15952
500;8/7/2024 12:00:00 AM;16100
501;8/6/2024 12:00:00 AM;16183
502;8/5/2024 12:00:00 AM;16154
503;8/2/2024 12:00:00 AM;16234
504;8/1/2024 12:00:00 AM;16243
505;7/31/2024 12:00:00 AM;16294
506;7/30/2024 12:00:00 AM;16320
507;7/29/2024 12:00:00 AM;16286
508;7/26/2024 12:00:00 AM;16294
509;7/25/2024 12:00:00 AM;16268
510;7/24/2024 12:00:00 AM;16224
511;7/23/2024 12:00:00 AM;16204
512;7/22/2024 12:00:00 AM;16228
513;7/19/2024 12:00:00 AM;16199
514;7/18/2024 12:00:00 AM;16160
515;7/17/2024 12:00:00 AM;16129
516;7/16/2024 12:00:00 AM;16203
517;7/15/2024 12:00:00 AM;16174
518;7/12/2024 12:00:00 AM;16154
519;7/11/2024 12:00:00 AM;16200
520;7/10/2024 12:00:00 AM;16256
521;7/9/2024 12:00:00 AM;16281
522;7/8/2024 12:00:00 AM;16265
523;7/5/2024 12:00:00 AM;16312
524;7/4/2024 12:00:00 AM;16341
525;7/3/2024 12:00:00 AM;16387
526;7/2/2024 12:00:00 AM;16384
527;7/1/2024 12:00:00 AM;16355
528;6/28/2024 12:00:00 AM;16394
529;6/27/2024 12:00:00 AM;16421
530;6/26/2024 12:00:00 AM;16435
531;6/25/2024 12:00:00 AM;16379
532;6/24/2024 12:00:00 AM;16431
533;6/21/2024 12:00:00 AM;16458
534;6/20/2024 12:00:00 AM;16420
535;6/19/2024 12:00:00 AM;16368
536;6/14/2024 12:00:00 AM;16374
537;6/13/2024 12:00:00 AM;16286
538;6/12/2024 12:00:00 AM;16297
539;6/11/2024 12:00:00 AM;16295
540;6/10/2024 12:00:00 AM;16290
541;6/7/2024 12:00:00 AM;16218
542;6/6/2024 12:00:00 AM;16279
543;6/5/2024 12:00:00 AM;16282
544;6/4/2024 12:00:00 AM;16220
545;6/3/2024 12:00:00 AM;16225
546;5/31/2024 12:00:00 AM;16251
547;5/30/2024 12:00:00 AM;16253
548;5/29/2024 12:00:00 AM;16160
549;5/28/2024 12:00:00 AM;16095
550;5/27/2024 12:00:00 AM;16064
551;5/22/2024 12:00:00 AM;15995
552;5/21/2024 12:00:00 AM;16024
553;5/20/2024 12:00:00 AM;15980
554;5/17/2024 12:00:00 AM;15978
555;5/16/2024 12:00:00 AM;15944
556;5/15/2024 12:00:00 AM;16070
557;5/14/2024 12:00:00 AM;16131
558;5/13/2024 12:00:00 AM;16085
559;5/8/2024 12:00:00 AM;16081
560;5/7/2024 12:00:00 AM;16054
561;5/6/2024 12:00:00 AM;16025
562;5/3/2024 12:00:00 AM;16094
563;5/2/2024 12:00:00 AM;16202
564;4/30/2024 12:00:00 AM;16276
565;4/29/2024 12:00:00 AM;16249
566;4/26/2024 12:00:00 AM;16222
567;4/25/2024 12:00:00 AM;16208
568;4/24/2024 12:00:00 AM;16161
569;4/23/2024 12:00:00 AM;16244
570;4/22/2024 12:00:00 AM;16224
571;4/19/2024 12:00:00 AM;16280
572;4/18/2024 12:00:00 AM;16177
573;4/17/2024 12:00:00 AM;16240
574;4/16/2024 12:00:00 AM;16176
575;4/5/2024 12:00:00 AM;15873
576;4/4/2024 12:00:00 AM;15907
577;4/3/2024 12:00:00 AM;15923
578;4/2/2024 12:00:00 AM;15934
579;4/1/2024 12:00:00 AM;15909
580;3/28/2024 12:00:00 AM;15873
581;3/27/2024 12:00:00 AM;15853
582;3/26/2024 12:00:00 AM;15797
583;3/25/2024 12:00:00 AM;15795
584;3/22/2024 12:00:00 AM;15773
585;3/21/2024 12:00:00 AM;15662
586;3/20/2024 12:00:00 AM;15727
587;3/19/2024 12:00:00 AM;15712
588;3/18/2024 12:00:00 AM;15672
589;3/15/2024 12:00:00 AM;15624
590;3/14/2024 12:00:00 AM;15582
591;3/13/2024 12:00:00 AM;15576
592;3/8/2024 12:00:00 AM;15603
593;3/7/2024 12:00:00 AM;15658
594;3/6/2024 12:00:00 AM;15723
595;3/5/2024 12:00:00 AM;15756
596;3/4/2024 12:00:00 AM;15723
597;3/1/2024 12:00:00 AM;15696
598;2/29/2024 12:00:00 AM;15715
599;2/28/2024 12:00:00 AM;15673
600;2/27/2024 12:00:00 AM;15655
601;2/26/2024 12:00:00 AM;15635
602;2/23/2024 12:00:00 AM;15589
603;2/22/2024 12:00:00 AM;15630
604;2/21/2024 12:00:00 AM;15658
605;2/20/2024 12:00:00 AM;15659
606;2/19/2024 12:00:00 AM;15630
607;2/16/2024 12:00:00 AM;15654
608;2/15/2024 12:00:00 AM;15606
609;2/13/2024 12:00:00 AM;15585
610;2/12/2024 12:00:00 AM;15612
611;2/7/2024 12:00:00 AM;15685
612;2/6/2024 12:00:00 AM;15734
613;2/5/2024 12:00:00 AM;15705
614;2/2/2024 12:00:00 AM;15688
615;2/1/2024 12:00:00 AM;15775
616;1/31/2024 12:00:00 AM;15803
617;1/30/2024 12:00:00 AM;15796
618;1/29/2024 12:00:00 AM;15825
619;1/26/2024 12:00:00 AM;15829
620;1/25/2024 12:00:00 AM;15767
621;1/24/2024 12:00:00 AM;15719
622;1/23/2024 12:00:00 AM;15656
623;1/22/2024 12:00:00 AM;15627
624;1/19/2024 12:00:00 AM;15628
625;1/18/2024 12:00:00 AM;15630
626;1/17/2024 12:00:00 AM;15639
627;1/16/2024 12:00:00 AM;15592
628;1/15/2024 12:00:00 AM;15555
629;1/12/2024 12:00:00 AM;15559
630;1/11/2024 12:00:00 AM;15558
631;1/10/2024 12:00:00 AM;15568
632;1/9/2024 12:00:00 AM;15518
633;1/8/2024 12:00:00 AM;15522
634;1/5/2024 12:00:00 AM;15518
635;1/4/2024 12:00:00 AM;15525
636;1/3/2024 12:00:00 AM;15495
637;1/2/2024 12:00:00 AM;15473
638;12/29/2023 12:00:00 AM;15439
639;12/28/2023 12:00:00 AM;15416
640;12/27/2023 12:00:00 AM;15414
641;12/22/2023 12:00:00 AM;15489
642;12/21/2023 12:00:00 AM;15533
643;12/20/2023 12:00:00 AM;15512
644;12/19/2023 12:00:00 AM;15506
645;12/18/2023 12:00:00 AM;15516
646;12/15/2023 12:00:00 AM;15503
647;12/14/2023 12:00:00 AM;15493
648;12/13/2023 12:00:00 AM;15629
649;12/12/2023 12:00:00 AM;15631
650;12/11/2023 12:00:00 AM;15614
651;12/8/2023 12:00:00 AM;15500
652;12/7/2023 12:00:00 AM;15536
653;12/6/2023 12:00:00 AM;15504
654;12/5/2023 12:00:00 AM;15504
655;12/4/2023 12:00:00 AM;15446
656;12/1/2023 12:00:00 AM;15524
657;11/30/2023 12:00:00 AM;15484
658;11/29/2023 12:00:00 AM;15384
659;11/28/2023 12:00:00 AM;15450
660;11/27/2023 12:00:00 AM;15527
661;11/24/2023 12:00:00 AM;15587
662;11/23/2023 12:00:00 AM;15593
663;11/22/2023 12:00:00 AM;15584
664;11/21/2023 12:00:00 AM;15436
665;11/20/2023 12:00:00 AM;15419
666;11/17/2023 12:00:00 AM;15504
667;11/16/2023 12:00:00 AM;15595
668;11/15/2023 12:00:00 AM;15503
669;11/14/2023 12:00:00 AM;15699
670;11/13/2023 12:00:00 AM;15713
671;11/10/2023 12:00:00 AM;15693
672;11/9/2023 12:00:00 AM;15649
673;11/8/2023 12:00:00 AM;15629
674;11/7/2023 12:00:00 AM;15593
675;11/6/2023 12:00:00 AM;15550
676;11/3/2023 12:00:00 AM;15771
677;11/2/2023 12:00:00 AM;15861
678;11/1/2023 12:00:00 AM;15946
679;10/31/2023 12:00:00 AM;15897
680;10/30/2023 12:00:00 AM;15916
681;10/27/2023 12:00:00 AM;15941
682;10/26/2023 12:00:00 AM;15933
683;10/25/2023 12:00:00 AM;15871
684;10/24/2023 12:00:00 AM;15869
685;10/23/2023 12:00:00 AM;15943
686;10/20/2023 12:00:00 AM;15856
687;10/19/2023 12:00:00 AM;15838
688;10/18/2023 12:00:00 AM;15731
689;10/17/2023 12:00:00 AM;15718
690;10/16/2023 12:00:00 AM;15716
691;10/13/2023 12:00:00 AM;15709
692;10/12/2023 12:00:00 AM;15702
693;10/11/2023 12:00:00 AM;15710
694;10/10/2023 12:00:00 AM;15708
695;10/9/2023 12:00:00 AM;15675
696;10/6/2023 12:00:00 AM;15628
697;10/5/2023 12:00:00 AM;15601
698;10/4/2023 12:00:00 AM;15636
699;10/3/2023 12:00:00 AM;15600
700;10/2/2023 12:00:00 AM;15519
701;9/29/2023 12:00:00 AM;15487
702;9/27/2023 12:00:00 AM;15526
703;9/26/2023 12:00:00 AM;15464
704;9/25/2023 12:00:00 AM;15399
705;9/22/2023 12:00:00 AM;15383
706;9/21/2023 12:00:00 AM;15397
707;9/20/2023 12:00:00 AM;15396
708;9/19/2023 12:00:00 AM;15381
709;9/18/2023 12:00:00 AM;15373
710;9/15/2023 12:00:00 AM;15367
711;9/14/2023 12:00:00 AM;15357
712;9/13/2023 12:00:00 AM;15367
713;9/12/2023 12:00:00 AM;15344
714;9/11/2023 12:00:00 AM;15352
715;9/8/2023 12:00:00 AM;15341
716;9/7/2023 12:00:00 AM;15334
717;9/6/2023 12:00:00 AM;15307
718;9/5/2023 12:00:00 AM;15260
719;9/4/2023 12:00:00 AM;15247
720;9/1/2023 12:00:00 AM;15252
721;8/31/2023 12:00:00 AM;15237
722;8/30/2023 12:00:00 AM;15239
723;8/29/2023 12:00:00 AM;15263
724;8/28/2023 12:00:00 AM;15294
725;8/25/2023 12:00:00 AM;15297
726;8/24/2023 12:00:00 AM;15253
727;8/23/2023 12:00:00 AM;15319
728;8/22/2023 12:00:00 AM;15326
729;8/21/2023 12:00:00 AM;15329
730;8/18/2023 12:00:00 AM;15308
731;8/16/2023 12:00:00 AM;15308
732;8/15/2023 12:00:00 AM;15346
733;8/14/2023 12:00:00 AM;15323
734;8/11/2023 12:00:00 AM;15225
735;8/10/2023 12:00:00 AM;15204
736;8/9/2023 12:00:00 AM;15206
737;8/8/2023 12:00:00 AM;15229
738;8/7/2023 12:00:00 AM;15178
739;8/4/2023 12:00:00 AM;15168
740;8/3/2023 12:00:00 AM;15198
741;8/2/2023 12:00:00 AM;15171
742;8/1/2023 12:00:00 AM;15117
743;7/31/2023 12:00:00 AM;15092
744;7/28/2023 12:00:00 AM;15083
745;7/27/2023 12:00:00 AM;15003
746;7/26/2023 12:00:00 AM;15032
747;7/25/2023 12:00:00 AM;15007
748;7/24/2023 12:00:00 AM;15028
749;7/21/2023 12:00:00 AM;15026
750;7/20/2023 12:00:00 AM;14991
751;7/18/2023 12:00:00 AM;14994
752;7/17/2023 12:00:00 AM;15007
753;7/14/2023 12:00:00 AM;14945
754;7/13/2023 12:00:00 AM;14978
755;7/12/2023 12:00:00 AM;15084
756;7/11/2023 12:00:00 AM;15162
757;7/10/2023 12:00:00 AM;15192
758;7/7/2023 12:00:00 AM;15136
759;7/6/2023 12:00:00 AM;15062
760;7/5/2023 12:00:00 AM;15013
761;7/4/2023 12:00:00 AM;15018
762;7/3/2023 12:00:00 AM;15034
763;6/27/2023 12:00:00 AM;15000
764;6/26/2023 12:00:00 AM;15026
765;6/23/2023 12:00:00 AM;14998
766;6/22/2023 12:00:00 AM;14918
767;6/21/2023 12:00:00 AM;14982
768;6/20/2023 12:00:00 AM;15040
769;6/19/2023 12:00:00 AM;14994
770;6/16/2023 12:00:00 AM;14945
771;6/15/2023 12:00:00 AM;14943
772;6/14/2023 12:00:00 AM;14895
773;6/13/2023 12:00:00 AM;14868
774;6/12/2023 12:00:00 AM;14874
775;6/9/2023 12:00:00 AM;14853
776;6/8/2023 12:00:00 AM;14903
777;6/7/2023 12:00:00 AM;14875
778;6/6/2023 12:00:00 AM;14839
779;6/5/2023 12:00:00 AM;14888
780;5/31/2023 12:00:00 AM;15003
781;5/30/2023 12:00:00 AM;14969
782;5/29/2023 12:00:00 AM;14973
783;5/26/2023 12:00:00 AM;14959
784;5/25/2023 12:00:00 AM;14952
785;5/24/2023 12:00:00 AM;14905
786;5/23/2023 12:00:00 AM;14878
787;5/22/2023 12:00:00 AM;14897
788;5/19/2023 12:00:00 AM;14936
789;5/17/2023 12:00:00 AM;14875
790;5/16/2023 12:00:00 AM;14810
791;5/15/2023 12:00:00 AM;14812
792;5/12/2023 12:00:00 AM;14752
793;5/11/2023 12:00:00 AM;14722
794;5/10/2023 12:00:00 AM;14746
795;5/9/2023 12:00:00 AM;14757
796;5/8/2023 12:00:00 AM;14709
797;5/5/2023 12:00:00 AM;14674
798;5/4/2023 12:00:00 AM;14632
799;5/3/2023 12:00:00 AM;14706
800;5/2/2023 12:00:00 AM;14703
801;4/28/2023 12:00:00 AM;14661
802;4/27/2023 12:00:00 AM;14751
803;4/26/2023 12:00:00 AM;14882
804;4/18/2023 12:00:00 AM;14855
805;4/17/2023 12:00:00 AM;14773
806;4/14/2023 12:00:00 AM;14666
807;4/13/2023 12:00:00 AM;14792
808;4/12/2023 12:00:00 AM;14866
809;4/11/2023 12:00:00 AM;14888
810;4/10/2023 12:00:00 AM;14905
811;4/6/2023 12:00:00 AM;14943
812;4/5/2023 12:00:00 AM;14933
813;4/4/2023 12:00:00 AM;14913
814;4/3/2023 12:00:00 AM;14990
815;3/31/2023 12:00:00 AM;14977
816;3/30/2023 12:00:00 AM;15062
817;3/29/2023 12:00:00 AM;15094
818;3/28/2023 12:00:00 AM;15088
819;3/27/2023 12:00:00 AM;15174
820;3/24/2023 12:00:00 AM;15189
821;3/21/2023 12:00:00 AM;15349
822;3/20/2023 12:00:00 AM;15372
823;3/17/2023 12:00:00 AM;15364
824;3/16/2023 12:00:00 AM;15418
825;3/15/2023 12:00:00 AM;15365
826;3/14/2023 12:00:00 AM;15380
827;3/13/2023 12:00:00 AM;15374
828;3/10/2023 12:00:00 AM;15468
829;3/9/2023 12:00:00 AM;15438
830;3/8/2023 12:00:00 AM;15451
831;3/7/2023 12:00:00 AM;15359
832;3/6/2023 12:00:00 AM;15301
833;3/3/2023 12:00:00 AM;15306
834;3/2/2023 12:00:00 AM;15273
835;3/1/2023 12:00:00 AM;15250
836;2/28/2023 12:00:00 AM;15240
837;2/27/2023 12:00:00 AM;15274
838;2/24/2023 12:00:00 AM;15216
839;2/23/2023 12:00:00 AM;15187
840;2/22/2023 12:00:00 AM;15218
841;2/21/2023 12:00:00 AM;15179
842;2/20/2023 12:00:00 AM;15168
843;2/17/2023 12:00:00 AM;15199
844;2/16/2023 12:00:00 AM;15176
845;2/15/2023 12:00:00 AM;15194
846;2/14/2023 12:00:00 AM;15168
847;2/13/2023 12:00:00 AM;15216
848;2/10/2023 12:00:00 AM;15140
849;2/9/2023 12:00:00 AM;15120
850;2/8/2023 12:00:00 AM;15122
851;2/7/2023 12:00:00 AM;15139
852;2/6/2023 12:00:00 AM;15055
853;2/3/2023 12:00:00 AM;14898
854;2/2/2023 12:00:00 AM;14868
855;2/1/2023 12:00:00 AM;14991
856;1/31/2023 12:00:00 AM;14992
857;1/30/2023 12:00:00 AM;14979
858;1/27/2023 12:00:00 AM;14978
859;1/26/2023 12:00:00 AM;14964
860;1/25/2023 12:00:00 AM;14958
861;1/24/2023 12:00:00 AM;14930
862;1/20/2023 12:00:00 AM;15121
863;1/19/2023 12:00:00 AM;15113
864;1/18/2023 12:00:00 AM;15137
865;1/17/2023 12:00:00 AM;15154
866;1/16/2023 12:00:00 AM;15019
867;1/13/2023 12:00:00 AM;15177
868;1/12/2023 12:00:00 AM;15366
869;1/11/2023 12:00:00 AM;15527
870;1/10/2023 12:00:00 AM;15589
871;1/9/2023 12:00:00 AM;15574
872;1/6/2023 12:00:00 AM;15635
873;1/5/2023 12:00:00 AM;15610
874;1/4/2023 12:00:00 AM;15615
875;1/3/2023 12:00:00 AM;15590
876;1/2/2023 12:00:00 AM;15572
877;12/30/2022 12:00:00 AM;15592
878;12/29/2022 12:00:00 AM;15731
879;12/28/2022 12:00:00 AM;15703
880;12/27/2022 12:00:00 AM;15659
881;12/26/2022 12:00:00 AM;15636
882;12/23/2022 12:00:00 AM;15605
883;12/22/2022 12:00:00 AM;15594
884;12/21/2022 12:00:00 AM;15601
885;12/20/2022 12:00:00 AM;15608
886;12/19/2022 12:00:00 AM;15621
887;12/16/2022 12:00:00 AM;15617
888;12/15/2022 12:00:00 AM;15630
889;12/14/2022 12:00:00 AM;15619
890;12/13/2022 12:00:00 AM;15661
891;12/12/2022 12:00:00 AM;15642
892;12/9/2022 12:00:00 AM;15587
893;12/8/2022 12:00:00 AM;15624
894;12/7/2022 12:00:00 AM;15619
895;12/6/2022 12:00:00 AM;15576
896;12/5/2022 12:00:00 AM;15409
897;12/2/2022 12:00:00 AM;15429
898;12/1/2022 12:00:00 AM;15617
899;11/30/2022 12:00:00 AM;15742
900;11/29/2022 12:00:00 AM;15737
901;11/28/2022 12:00:00 AM;15729
902;11/25/2022 12:00:00 AM;15668
903;11/24/2022 12:00:00 AM;15647
904;11/23/2022 12:00:00 AM;15700
905;11/22/2022 12:00:00 AM;15716
906;11/21/2022 12:00:00 AM;15707
907;11/18/2022 12:00:00 AM;15692
908;11/17/2022 12:00:00 AM;15687
909;11/16/2022 12:00:00 AM;15610
910;11/15/2022 12:00:00 AM;15564
911;11/14/2022 12:00:00 AM;15499
912;11/11/2022 12:00:00 AM;15493
913;11/10/2022 12:00:00 AM;15701
914;11/9/2022 12:00:00 AM;15654
915;11/8/2022 12:00:00 AM;15684
916;11/7/2022 12:00:00 AM;15692
917;11/4/2022 12:00:00 AM;15736
918;11/3/2022 12:00:00 AM;15681
919;11/2/2022 12:00:00 AM;15652
920;11/1/2022 12:00:00 AM;15647
921;10/31/2022 12:00:00 AM;15596
922;10/28/2022 12:00:00 AM;15542
923;10/27/2022 12:00:00 AM;15573
924;10/26/2022 12:00:00 AM;15596
925;10/25/2022 12:00:00 AM;15616
926;10/24/2022 12:00:00 AM;15590
927;10/21/2022 12:00:00 AM;15610
928;10/20/2022 12:00:00 AM;15579
929;10/19/2022 12:00:00 AM;15491
930;10/18/2022 12:00:00 AM;15469
931;10/17/2022 12:00:00 AM;15480
932;10/14/2022 12:00:00 AM;15390
933;10/13/2022 12:00:00 AM;15357
934;10/12/2022 12:00:00 AM;15373
935;10/11/2022 12:00:00 AM;15362
936;10/10/2022 12:00:00 AM;15299
937;10/7/2022 12:00:00 AM;15246
938;10/6/2022 12:00:00 AM;15197
939;10/5/2022 12:00:00 AM;15196
940;10/4/2022 12:00:00 AM;15276
941;10/3/2022 12:00:00 AM;15293
942;9/30/2022 12:00:00 AM;15232
943;9/29/2022 12:00:00 AM;15247
944;9/28/2022 12:00:00 AM;15243
945;9/27/2022 12:00:00 AM;15155
946;9/26/2022 12:00:00 AM;15119
947;9/23/2022 12:00:00 AM;15035
948;9/22/2022 12:00:00 AM;15033
949;9/21/2022 12:00:00 AM;15011
950;9/20/2022 12:00:00 AM;14975
951;9/19/2022 12:00:00 AM;14980
952;9/16/2022 12:00:00 AM;14939
953;9/15/2022 12:00:00 AM;14899
954;9/14/2022 12:00:00 AM;14923
955;9/13/2022 12:00:00 AM;14861
956;9/12/2022 12:00:00 AM;14839
957;9/9/2022 12:00:00 AM;14846
958;9/8/2022 12:00:00 AM;14905
959;9/7/2022 12:00:00 AM;14927
960;9/6/2022 12:00:00 AM;14885
961;9/5/2022 12:00:00 AM;14920
962;9/2/2022 12:00:00 AM;14900
963;9/1/2022 12:00:00 AM;14884
964;8/31/2022 12:00:00 AM;14853
965;8/30/2022 12:00:00 AM;14875
966;8/29/2022 12:00:00 AM;14887
967;8/26/2022 12:00:00 AM;14814
968;8/25/2022 12:00:00 AM;14827
969;8/24/2022 12:00:00 AM;14851
970;8/23/2022 12:00:00 AM;14893
971;8/22/2022 12:00:00 AM;14882
972;8/19/2022 12:00:00 AM;14858
973;8/18/2022 12:00:00 AM;14822
974;8/16/2022 12:00:00 AM;14767
975;8/15/2022 12:00:00 AM;14727
976;8/12/2022 12:00:00 AM;14688
977;8/11/2022 12:00:00 AM;14799
978;8/10/2022 12:00:00 AM;14875
979;8/9/2022 12:00:00 AM;14862
980;8/8/2022 12:00:00 AM;14915
981;8/5/2022 12:00:00 AM;14904
982;8/4/2022 12:00:00 AM;14929
983;8/3/2022 12:00:00 AM;14917
984;8/2/2022 12:00:00 AM;14888
985;8/1/2022 12:00:00 AM;14874
986;7/29/2022 12:00:00 AM;14860
987;7/28/2022 12:00:00 AM;14958
988;7/27/2022 12:00:00 AM;15020
989;7/26/2022 12:00:00 AM;14984
990;7/25/2022 12:00:00 AM;14992
991;7/22/2022 12:00:00 AM;15024
992;7/21/2022 12:00:00 AM;15017
993;7/20/2022 12:00:00 AM;14984
994;7/19/2022 12:00:00 AM;14992
995;7/18/2022 12:00:00 AM;14986
996;7/15/2022 12:00:00 AM;14999
997;7/14/2022 12:00:00 AM;14999
998;7/13/2022 12:00:00 AM;14985
999;7/12/2022 12:00:00 AM;14993
1000;7/11/2022 12:00:00 AM;14969
1001;7/8/2022 12:00:00 AM;14981
1002;7/7/2022 12:00:00 AM;14986
1003;7/6/2022 12:00:00 AM;15015
1004;7/5/2022 12:00:00 AM;14990
1005;7/4/2022 12:00:00 AM;14960
1006;7/1/2022 12:00:00 AM;14956
1007;6/30/2022 12:00:00 AM;14882
1008;6/29/2022 12:00:00 AM;14848
1009;6/28/2022 12:00:00 AM;14837
1010;6/27/2022 12:00:00 AM;14802
1011;6/24/2022 12:00:00 AM;14846
1012;6/23/2022 12:00:00 AM;14835
1013;6/22/2022 12:00:00 AM;14860
1014;6/21/2022 12:00:00 AM;14804
1015;6/20/2022 12:00:00 AM;14836
1016;6/17/2022 12:00:00 AM;14828
1017;6/16/2022 12:00:00 AM;14741
1018;6/15/2022 12:00:00 AM;14746
1019;6/14/2022 12:00:00 AM;14729
1020;6/13/2022 12:00:00 AM;14672
1021;6/10/2022 12:00:00 AM;14569
1022;6/9/2022 12:00:00 AM;14555
1023;6/8/2022 12:00:00 AM;14477
1024;6/7/2022 12:00:00 AM;14464
1025;6/6/2022 12:00:00 AM;14462
1026;6/3/2022 12:00:00 AM;14431
1027;6/2/2022 12:00:00 AM;14526
1028;5/31/2022 12:00:00 AM;14592
1029;5/30/2022 12:00:00 AM;14544
1030;5/27/2022 12:00:00 AM;14578
1031;5/25/2022 12:00:00 AM;14645
1032;5/24/2022 12:00:00 AM;14653
1033;5/23/2022 12:00:00 AM;14665
1034;5/20/2022 12:00:00 AM;14661
1035;5/19/2022 12:00:00 AM;14731
1036;5/18/2022 12:00:00 AM;14682
1037;5/17/2022 12:00:00 AM;14651
1038;5/13/2022 12:00:00 AM;14619
1039;5/12/2022 12:00:00 AM;14585
1040;5/11/2022 12:00:00 AM;14546
1041;5/10/2022 12:00:00 AM;14546
1042;5/9/2022 12:00:00 AM;14534
1043;4/28/2022 12:00:00 AM;14480
1044;4/27/2022 12:00:00 AM;14418
1045;4/26/2022 12:00:00 AM;14412
1046;4/25/2022 12:00:00 AM;14452
1047;4/22/2022 12:00:00 AM;14361
1048;4/21/2022 12:00:00 AM;14348
1049;4/20/2022 12:00:00 AM;14351
1050;4/19/2022 12:00:00 AM;14347
1051;4/18/2022 12:00:00 AM;14356
1052;4/14/2022 12:00:00 AM;14349
1053;4/13/2022 12:00:00 AM;14359
1054;4/12/2022 12:00:00 AM;14364
1055;4/11/2022 12:00:00 AM;14370
1056;4/8/2022 12:00:00 AM;14365
1057;4/7/2022 12:00:00 AM;14359
1058;4/6/2022 12:00:00 AM;14364
1059;4/5/2022 12:00:00 AM;14348
1060;4/4/2022 12:00:00 AM;14362
1061;4/1/2022 12:00:00 AM;14364
1062;3/31/2022 12:00:00 AM;14357
1063;3/30/2022 12:00:00 AM;14349
1064;3/29/2022 12:00:00 AM;14364
1065;3/28/2022 12:00:00 AM;14360
1066;3/25/2022 12:00:00 AM;14341
1067;3/24/2022 12:00:00 AM;14361
1068;3/23/2022 12:00:00 AM;14351
1069;3/22/2022 12:00:00 AM;14358
1070;3/21/2022 12:00:00 AM;14341
1071;3/18/2022 12:00:00 AM;14340
1072;3/17/2022 12:00:00 AM;14290
1073;3/16/2022 12:00:00 AM;14311
1074;3/15/2022 12:00:00 AM;14321
1075;3/14/2022 12:00:00 AM;14328
1076;3/11/2022 12:00:00 AM;14306
1077;3/10/2022 12:00:00 AM;14298
1078;3/9/2022 12:00:00 AM;14371
1079;3/8/2022 12:00:00 AM;14394
1080;3/7/2022 12:00:00 AM;14411
1081;3/4/2022 12:00:00 AM;14383
1082;3/2/2022 12:00:00 AM;14373
1083;3/1/2022 12:00:00 AM;14350
1084;2/25/2022 12:00:00 AM;14369
1085;2/24/2022 12:00:00 AM;14371
1086;2/23/2022 12:00:00 AM;14355
1087;2/22/2022 12:00:00 AM;14362
1088;2/21/2022 12:00:00 AM;14329
1089;2/18/2022 12:00:00 AM;14339
1090;2/17/2022 12:00:00 AM;14301
1091;2/16/2022 12:00:00 AM;14278
1092;2/15/2022 12:00:00 AM;14292
1093;2/14/2022 12:00:00 AM;14338
1094;2/11/2022 12:00:00 AM;14359
1095;2/10/2022 12:00:00 AM;14344
1096;2/9/2022 12:00:00 AM;14366
1097;2/8/2022 12:00:00 AM;14385
1098;2/7/2022 12:00:00 AM;14404
1099;2/4/2022 12:00:00 AM;14376
1100;2/3/2022 12:00:00 AM;14381
1101;2/2/2022 12:00:00 AM;14347
1102;1/31/2022 12:00:00 AM;14392
1103;1/28/2022 12:00:00 AM;14381
1104;1/27/2022 12:00:00 AM;14385
1105;1/26/2022 12:00:00 AM;14346
1106;1/25/2022 12:00:00 AM;14358
1107;1/24/2022 12:00:00 AM;14327
1108;1/21/2022 12:00:00 AM;14347
1109;1/20/2022 12:00:00 AM;14354
1110;1/19/2022 12:00:00 AM;14370
1111;1/18/2022 12:00:00 AM;14325
1112;1/17/2022 12:00:00 AM;14323
1113;1/14/2022 12:00:00 AM;14310
1114;1/13/2022 12:00:00 AM;14311
1115;1/12/2022 12:00:00 AM;14302
1116;1/11/2022 12:00:00 AM;14299
1117;1/10/2022 12:00:00 AM;14323
1118;1/7/2022 12:00:00 AM;14360
1119;1/6/2022 12:00:00 AM;14396
1120;1/5/2022 12:00:00 AM;14365
1121;1/4/2022 12:00:00 AM;14310
1122;1/3/2022 12:00:00 AM;14270
1123;12/31/2021 12:00:00 AM;14278
1124;12/30/2021 12:00:00 AM;14269
1125;12/29/2021 12:00:00 AM;14265
1126;12/28/2021 12:00:00 AM;14237
1127;12/27/2021 12:00:00 AM;14225
1128;12/24/2021 12:00:00 AM;14219
1129;12/23/2021 12:00:00 AM;14251
1130;12/22/2021 12:00:00 AM;14264
1131;12/21/2021 12:00:00 AM;14349
1132;12/20/2021 12:00:00 AM;14384
1133;12/17/2021 12:00:00 AM;14343
1134;12/16/2021 12:00:00 AM;14343
1135;12/15/2021 12:00:00 AM;14337
1136;12/14/2021 12:00:00 AM;14348
1137;12/13/2021 12:00:00 AM;14346
1138;12/10/2021 12:00:00 AM;14378
1139;12/9/2021 12:00:00 AM;14351
1140;12/8/2021 12:00:00 AM;14348
1141;12/7/2021 12:00:00 AM;14408
1142;12/6/2021 12:00:00 AM;14441
1143;12/3/2021 12:00:00 AM;14408
1144;12/2/2021 12:00:00 AM;14378
1145;12/1/2021 12:00:00 AM;14353
1146;11/30/2021 12:00:00 AM;14320
1147;11/29/2021 12:00:00 AM;14340
1148;11/26/2021 12:00:00 AM;14280
1149;11/25/2021 12:00:00 AM;14280
1150;11/24/2021 12:00:00 AM;14272
1151;11/23/2021 12:00:00 AM;14272
1152;11/22/2021 12:00:00 AM;14255
1153;11/19/2021 12:00:00 AM;14237
1154;11/18/2021 12:00:00 AM;14231
1155;11/17/2021 12:00:00 AM;14259
1156;11/16/2021 12:00:00 AM;14211
1157;11/15/2021 12:00:00 AM;14206
1158;11/12/2021 12:00:00 AM;14243
1159;11/11/2021 12:00:00 AM;14288
1160;11/10/2021 12:00:00 AM;14253
1161;11/9/2021 12:00:00 AM;14233
1162;11/8/2021 12:00:00 AM;14268
1163;11/5/2021 12:00:00 AM;14374
1164;11/4/2021 12:00:00 AM;14327
1165;11/3/2021 12:00:00 AM;14301
1166;11/2/2021 12:00:00 AM;14261
1167;11/1/2021 12:00:00 AM;14235
1168;10/29/2021 12:00:00 AM;14171
1169;10/28/2021 12:00:00 AM;14199
1170;10/27/2021 12:00:00 AM;14184
1171;10/26/2021 12:00:00 AM;14165
1172;10/25/2021 12:00:00 AM;14183
1173;10/22/2021 12:00:00 AM;14162
1174;10/21/2021 12:00:00 AM;14133
1175;10/19/2021 12:00:00 AM;14080
1176;10/18/2021 12:00:00 AM;14096
1177;10/15/2021 12:00:00 AM;14084
1178;10/14/2021 12:00:00 AM;14155
1179;10/13/2021 12:00:00 AM;14221
1180;10/12/2021 12:00:00 AM;14217
1181;10/11/2021 12:00:00 AM;14210
1182;10/8/2021 12:00:00 AM;14225
1183;10/7/2021 12:00:00 AM;14238
1184;10/6/2021 12:00:00 AM;14245
1185;10/5/2021 12:00:00 AM;14260
1186;10/4/2021 12:00:00 AM;14276
1187;10/1/2021 12:00:00 AM;14315
1188;9/30/2021 12:00:00 AM;14321
1189;9/29/2021 12:00:00 AM;14307
1190;9/28/2021 12:00:00 AM;14269
1191;9/27/2021 12:00:00 AM;14258
1192;9/24/2021 12:00:00 AM;14250
1193;9/23/2021 12:00:00 AM;14256
1194;9/22/2021 12:00:00 AM;14249
1195;9/21/2021 12:00:00 AM;14244
1196;9/20/2021 12:00:00 AM;14251
1197;9/17/2021 12:00:00 AM;14233
1198;9/16/2021 12:00:00 AM;14238
1199;9/15/2021 12:00:00 AM;14252
1200;9/14/2021 12:00:00 AM;14257
1201;9/13/2021 12:00:00 AM;14260
1202;9/10/2021 12:00:00 AM;14225
